DW_TEMPO;invoice_date;Ano;Mes;Dia
875c0d6af62e84f8285545d058f29e7571b5521a6483c8241f808f981c495571;2018-02-05;2018;2;5
0627899603c7c65d46bd9b840973ce5d633ac0c0e16a195bff04ed5c11200e5d;2017-04-01;2017;4;1
7b05fb77d145096205f5c0fd4905296bdd56ebc17244d4d0f6dfc1e2ffe4bfa1;2018-02-25;2018;2;25
85fe39f79edc14aa911366ccad7e71e605f3cfd40752fe8ae74df2b6fd3c99a1;2018-11-07;2018;11;7
29f69100878e885e43cd0558d2a351d6f465f6843ecb78cb4cb04029b15a90e9;2017-09-02;2017;9;2
693f56ffbe802a05ddaffdc339291b9afd6ffd94253b389ff1d5d252009d6ff2;2019-02-18;2019;2;18
349008c8d2333226edcdaf3a3b6a1b5c8856ed858f55a49ff043c2b002648135;2017-05-26;2017;5;26
acb590ff6264de4c756f23ad08a0c3c5ee7c7b98fa614eb72a572dbf56d5371f;2018-04-22;2018;4;22
c5c6a4010af0dad47fd4af9e82b9e8ee0874f1de034b0bae4247b9dc96b48af1;2017-08-09;2017;8;9
4b67288d399e4b585984d710127f2fc63a0f6de3a2d8ef0064a678b770c675f2;2018-02-18;2018;2;18
c715c695264eadff7f0d678f1df3568aefa3d310dc8f05b0f963f3cac00b112f;2018-08-06;2018;8;6
8183a010bd9cb8500402a5b7de3b2279a3691877ffed8426b487bef40ac0270f;2018-01-05;2018;1;5
7907912463156980792a6f3b3565bd5a7c1a8a44b06f208b807d83cd9057dcd4;2017-09-08;2017;9;8
61969fd9df6c09211237b6e0dd2e16f8f65df5468a913094a68d0f691fd4516f;2018-01-02;2018;1;2
63792c9313ef44f11ccddd1b37934cb5480ed18978a563ed2b1588987ac26990;2017-10-21;2017;10;21
25b0069214b08edc0b9a20db3820ca5c8b7027752f766bd3659428081d93e5fd;2017-05-06;2017;5;6
d1b404f90d219d7f82a04068ba4390dec93d8248ed6480b8ecae54ae09667dfa;2017-12-22;2017;12;22
dcd7b841320d7db4618fe3a6ccb6ac243dfc62be2e5745b5ce97196b8023c5a1;2018-06-05;2018;6;5
c69164d4743873ed6c09da6e25436bfbfbae28c2559eb9659818dbdcc2d047c9;2017-09-01;2017;9;1
d65a76075bfa8438b6c8d05fda25a38694c689dd4020503a6ac59f7ebd4417c1;2017-01-19;2017;1;19
5cb4de6d2e11be9f5ebaf52ee164606edf4d7bc92e368cc1260c784836ea40fb;2018-08-07;2018;8;7
ed252c2541e77abd3f66f0b569035ad27be831c231f445f3f876179763132eb7;2018-01-03;2018;1;3
313afb03c22f7a29a5c35be6eddb4188ba54ded3b19e5d2d0b4780aa12875cea;2018-07-07;2018;7;7
9184b84f91235bbc226022b305481648d63445ddf3295d3f68c0ab16790dbc68;2019-01-09;2019;1;9
e7e7a620aee737c9f58955db94e552d339ec8b8d3e5e147da20528751a8885d0;2018-05-29;2018;5;29
d49b2a220c7c06755334ecfd7ec5d029f20e799a6d7eb07b5ca30eedde5aaa13;2018-10-31;2018;10;31
c2995dc4015ab5d786929771754bf7cd727e7938c54e2b0300883b33f7932ba1;2018-04-18;2018;4;18
fdf71367f6880fa9657615411729485165222cd165f8e962185dc81c1ade849a;2017-12-24;2017;12;24
54c6fe55b95c32ccdc1fa431cb6a0647d08ea4a1d3ed47414cb2c59cb58cd080;2017-08-17;2017;8;17
c83e4dcb7b229a473829375376811ede26b9e97171f2c0ba92adcc6f7daa2f25;2018-04-16;2018;4;16
37f397f189abf2f3567b396eb0d941a3d617d0bcdc30113c281943d771863adc;2019-02-06;2019;2;6
aea42cb02b110ad09025640e86ce0654ef2cd6515f8761e73e48844e69f0ae3d;2018-06-07;2018;6;7
1d4d59d6eae5904f2c3bf599eb600e6c4cf4c0bea1f732a83172455a356e6a28;2018-11-19;2018;11;19
5d45784883b4c19744b73974fa7aeceecfe8323fb9849a8a7aa499ce97102ab1;2017-06-03;2017;6;3
09c6f28892af2dd9222239be4168997dd0bb7419de3a708d4bd1cab15f1d2d0b;2018-05-23;2018;5;23
401a73e667159c09cdfa4897829f66fdf31fb4489a06e9c7d758a98239b7566a;2018-06-26;2018;6;26
35d74fdcc5fae490cd5154171671ca72262721a8088e6ed04a1256edb1b6ed38;2018-10-15;2018;10;15
964e4b4e11ed9ba742f66a28d72f1a1884e1902d922a082269ca505633fb9846;2017-11-02;2017;11;2
f506ce9f360a810cdc5c56f4a4d3b0305a6bce9c426b794ff68c2484767249af;2019-01-07;2019;1;7
f9ae041cd91c118430df83b0e389660038a135fd1919f510f5703caf5d374e46;2017-05-21;2017;5;21
90b1646045f24ab734bbca197e76d9e38a1ef5ea9707eecea2b3a13e64ee56d9;2019-03-14;2019;3;14
3d4779d7f9bd46da97145b2a5be7805c34edf707a43e3237c2e9199711cde0b0;2018-06-17;2018;6;17
64c2c7e30a8d7060bd30478bafcbbf8e07ad540f5eb84e887cd126f76b3d0e5d;2018-06-16;2018;6;16
e9ff4b404f8967a5df5bedaa8c3153bd6310a8bdae20bc21bcc69d14b8ac33a2;2018-08-15;2018;8;15
b97bef9b14ca4ff6b5296d533d52a369d72b609dfc34fa72a321cc2fd157ebdc;2018-07-15;2018;7;15
323b662e4670c07620768c659bed4ea6218bbb6f1f736c8af7762bf946fdcb31;2018-11-21;2018;11;21
37251396bfec595fec9920903f7b7510eba8557a4d6e173bda912a562c5e6890;2019-01-17;2019;1;17
210e657f087924337f60c8edc3924229d7c9ac454d38868d3b77f88f7d2f1176;2019-02-19;2019;2;19
0395bc7284d72cef4972692c2c10ddd49cb7357e754cad0d9012ddc3226ecb43;2019-03-04;2019;3;4
a5d844ea0904f725bc7ebdee25d3ff99808aa22f1a3771a31da328f307d4f3d4;2017-08-30;2017;8;30
1257a9792ce10ba5c65e70e1a96d1a15cbe6b304bd91603030957e71fba856f2;2018-01-10;2018;1;10
48552ef2242fab229731245915256f62cfe8500950b19a0a5e4fd8fd25adbae4;2017-07-22;2017;7;22
71f78bb8e378c9bfdb365802768c9bdea36915c99153f6c19b562c85aaf58726;2018-11-24;2018;11;24
c55398c9b39585c6af9cdfe3d9f64002709021b0072c38fbc0651915c267448e;2018-01-09;2018;1;9
a1e90fe66cf2ac01d07700db4a2d3ef7c11ebe5ca487c68e4b86d26563beade7;2018-08-27;2018;8;27
71319c81ca501680a6612b05867af04f269c05c0c9177b778da64fcb70e958aa;2018-03-26;2018;3;26
1865d0b7a4ea88ccfdc7d68945191fcdacbfc76f25e9a0882671d233a30792d6;2018-12-03;2018;12;3
7a112c13894f08c4c00f05477963f5cc3c5d26cc41e4c7d5e5846abdd9c3a9f9;2019-03-18;2019;3;18
04af1a82164bb2a42d767cf76deea8d062590693a31e17dda6821abf3ff65db4;2017-05-18;2017;5;18
670490897f9654c00f15bbe382dd979d2fa67341a052f180cb675c7a49f2a53a;2017-09-15;2017;9;15
842bbbc292d22052e10daab77cbee89abf50c2cf92cccfbb6aba4e047356035e;2018-06-30;2018;6;30
3c3475aba9add56ced3fd3d2de88b9313e7231e57bb1a7b116337406a21d4321;2019-02-05;2019;2;5
ab50d94c8172f233b751cda1cff65e980e659fc91fe23337de61566d47564a17;2018-02-08;2018;2;8
551fb9a2d96bd93b0b37b49f1438fcb881e2dec9096b4cee6fe32ca6b3eef532;2017-10-01;2017;10;1
89488ecaf090da762ca5292849402d1a98b45756377dcb6567559a6b993c2bea;2017-06-10;2017;6;10
e2485235935212c9833e0225399250c7c7f80bc7e050af7a542eca5705687f0d;2018-10-27;2018;10;27
493cefa54d7861a65dc0b6492e5ece3494697e4527cecef5e43ae44c43a1b4ff;2017-12-03;2017;12;3
6fedd7995b6c03d53b1067edd20978451ccc18d7cb857e5679d277de3379862c;2018-07-29;2018;7;29
a302415c4c4b25b19185a6fa98d864d86ae6247648eed49a2eda6fb226744f79;2017-11-29;2017;11;29
367d5eb45f5f111240d1b1bc7bce49441c73ebadd49f63083fc91461a9d01d4f;2019-01-28;2019;1;28
c3da1f3085f3d7487295f019d7c77f97d8276c21e3804c6eef9a9ce05719473d;2017-05-24;2017;5;24
81398337a7e321158b4ad5c64d33961a932afd93b512f259db7a2f5600ca3326;2017-03-11;2017;3;11
b640fa5750b0d044c2b90af0c1045e136a63a8a983158140f0a54df69e134f3c;2018-01-15;2018;1;15
c0e65aaa8ac4fa09ab0178b99710d013f4cd1861950ce8f103ed3ca9edaf29ce;2017-06-22;2017;6;22
a1c4d1149aa15afe7a52b84823dec9d0eac4103c4f128ea55b4948bc3ec4dea0;2017-06-15;2017;6;15
be3b7658510376f94e46ea987ffb5bbeeb3ba06e636fc2bb283f834ab60bd46a;2017-01-26;2017;1;26
be1d32cbb053720ad09c50fff9cb4d7ebcb54882421f8281bc7d24aa43ea6208;2018-04-11;2018;4;11
92a8f917aca814b1d7eab05f3e8722a4ccc7b2b499fbdf872367b5067bd7dd2e;2018-12-18;2018;12;18
a522268911c7fcff215abb914084521239cb1e0bd07c4b6e8359625e3a168dc4;2017-07-28;2017;7;28
5354799c37d0d34528eddf37e16a8e4b35f9427606a241caff8e75a439c79f6b;2019-02-27;2019;2;27
87b6fd0af06b503d5005eff19735dd0322305037698c29100dcacc648dcd75f9;2018-12-31;2018;12;31
d61e5eadecd1202ac9ab7f6954e5d6d60fd3aadb09c28945a31af934cb06770f;2017-08-06;2017;8;6
26303214c7d154db763283bfd8010dca6f98b2c530e93879702b382e254199ed;2017-06-14;2017;6;14
4a4e0e7789667eefc3d69a5fba7699a71a8f42731830d1f5a08a150ab726dca3;2017-06-21;2017;6;21
d752df8e39fb7155a92a535c05e5a63722f42fb6be769f191f1f798ae58e4c68;2018-07-08;2018;7;8
c29303d8b136d33a94f6ae6fe72a98733655eb032d5392130313f80a44f0249e;2018-11-18;2018;11;18
53912b0e668c4daa4c0cafff83bb1ce7c4f86844e3d819f33ce9764937cb332b;2018-08-21;2018;8;21
ab268820a361c9c199be6cbdeb2eb4d34a2b03f2f81bbee292551673d4ce2c3d;2018-04-14;2018;4;14
a08cb63e95a51ea4dcae2a4fbde9abe9adc1fadd8fb3baec1456f38fd185e3c7;2017-08-03;2017;8;3
882e79b4d5dd4af77b3ac1be007d64d87b92019b333d69ee7ddf1dedf495077c;2018-09-25;2018;9;25
4a47e564d9bae2642369c673c820ad0859b4933246062b692fb7480b1e33b4f5;2018-10-02;2018;10;2
1d6efc1d9f998dec6bae03a880458582b62db3233a21d8973665f452339a13b9;2018-04-30;2018;4;30
da255c6bb028b22fb2ee1b2dd737eb2304e60ae4f0f70152e350643182d4a096;2018-03-19;2018;3;19
81a6194b3da7b7712091cb77597b9394547e721099010cce25403810a539cd1a;2018-09-08;2018;9;8
f8fbe0b2557fcb11afecfbd7019bcf0b7aee590ceb3c00cd5e3728a87271a412;2018-10-23;2018;10;23
bcd6f9a80ec737361ae17d61d16b3aff146b7b5b7f3a83e0632d881bd76369c8;2018-01-14;2018;1;14
0e2e57c0d5ccc0d50e9d5cf1ac0abc44d48f1466136f3bab153690cd3040bc4a;2018-07-24;2018;7;24
1cdcd6f3573fd8315d243517646a101e26e51857618cd4ecefc3ad3a7b57f1a5;2018-02-22;2018;2;22
c7b0504ade9499e1514b235dfce4fea0a14232fed03a5d67bc629fd89c9fa269;2018-07-25;2018;7;25
4b8fd023371bcd46550ecaf70b8bafaad63927ced2f1f993a43acb8d67bc52be;2019-01-21;2019;1;21
7b30e9175ed9b9d755a24e543bdd4831d76da8f2b7a7efdca82434a1001e8c72;2017-09-22;2017;9;22
b73782268e85883bec653e87e8958765d5debe44660af3801721bd7e0dc52eee;2018-11-17;2018;11;17
285313d0b6fd7a2dff65daa7b20f425b29ccce8e299051b4421652f600e18751;2017-05-17;2017;5;17
1a16ca76fb6de12069d17ee7779242c3a261825742728f5aeaac9f67b948f26c;2018-02-19;2018;2;19
0f4bb0bec971a9e093da3e5839a2563871ff521e4147cc4ed3a4e1ae3de5a7bf;2018-02-12;2018;2;12
a122920ca42efb3b05569e151fa177981997a92cd5615cf887b08fc0a5ca8876;2018-06-24;2018;6;24
2c27dbf333b292fb050337047b7f1b23abff0100b755d6acf6005952c66e24bc;2018-10-07;2018;10;7
a8da216639b3bb6e498aaacca162ca7cf5130b1e140c21aac1deeb15a0f02e36;2018-03-07;2018;3;7
417370b56168a5f393364b85469b46c45065267df1a5ff392d05d6ea2081d1f9;2017-03-08;2017;3;8
436ebab7d471488f1524f307954a28d05589006ae2d57235fdeb6e59aa6437a3;2017-10-06;2017;10;6
7888ffa31fb00bee2d08bbd0295ce00c237aca7d110217d210f354d62dc218cd;2017-02-25;2017;2;25
b3c8858823494475dce166b88b3747efe43a106e1c49015054cb4a3badbae45f;2017-04-09;2017;4;9
053ba6bdbbc3ac7c861fe56339f08fcff703058658ed8daac805d281388d1143;2019-01-15;2019;1;15
88163d9f6585cfa72b061b22d865ac7de0c94fc8905b3f1df8da76cf831ef114;2017-01-21;2017;1;21
903c9fb990ea58e9e071d7c9f03ba3a27ab05c2ed15bb1f42b836cb3b7e6de09;2018-06-11;2018;6;11
f3cf721e89dcbcc01c5d3ef96468532f8827dda6708a0d3973e7298c4fab5ede;2018-05-13;2018;5;13
87b480dab5b1e107d65b44e23c069990a3e40b2ba25b7d8e45697a10d584dbb1;2017-02-19;2017;2;19
2693046c5049848104ebf8c889462b8ad7cdeebf3691caa97c7bded0699f3323;2017-12-01;2017;12;1
a37e76aeb19dfff8b38915daf81110487cc69c61a3ebd0ac0259abf52af1d216;2018-12-04;2018;12;4
bdeae2a72efbb5c57c750a53f66f7779b4946783cc6a18652f926115ec7f1c37;2019-01-22;2019;1;22
31af90d3a4e2930e3eba41800107f7f70305d579afdcde3a13120f6dc324d050;2017-09-17;2017;9;17
eafe2f41abe17defadf0c7a6f64bf70e882184289d61640fa9007e253fe07e2d;2018-02-27;2018;2;27
8f092214aba7b441f9252890b6b2f8d5729325b0e8d65e70f8e3a0302caf3c69;2017-08-27;2017;8;27
37df7484735ef10ee2ddc04932833630a7e5b3635df076fb191af85eff91723d;2018-05-08;2018;5;8
a91a120b4a3a45a55b751ff8066c29a6d9afdd409abb0649321e4b8b01931422;2018-10-01;2018;10;1
842fca01d7b9ad7799ea157dfca6b72e04593e98774d28bd0d7465b45d4f2eca;2017-10-15;2017;10;15
f2bb94c42e1f3d26d7a07440e5406eb1045e55f34852b6d4836016a033373c09;2017-05-13;2017;5;13
488f4cbccc47b24114f1bf3a90039db5771bc92420a6751dbb04a323551d0834;2018-11-28;2018;11;28
fd6d7120a5ded625bb4e883cf8f73674fd005c9610b134a41c18df6fd3f34d80;2017-02-24;2017;2;24
561225bf399c0334cdcf2ea73f334148f7c4b1b6d573c08e4d7cffd29ae7f38a;2018-04-09;2018;4;9
486f30e454ce7a246891dd6374014e7b19103bf18b2fb2eeffd5272ea5287564;2017-12-08;2017;12;8
d088686c6cb0a9fe9c6dbe9d93bc665ce362b53c68bf10de5420936f09d9f15c;2019-01-24;2019;1;24
cb49f08dc592599714c8a27839cbf641c4c091928f745d0a6eaae0f4ccc64122;2017-02-10;2017;2;10
4b164f1084df579b25a1ff5b7a94d2201d2370cd657bb3a7103c614b7571904d;2018-02-26;2018;2;26
98d4253151e5e5d480ae1133c385db22f7803cf2df4b344589904434c8306f45;2017-02-09;2017;2;9
d47d63b7e6e89ea7ec8a1296e0899b060f78b1602af794384f2071efe87d761c;2017-12-21;2017;12;21
e0fa290f9394042580ddf7328fdda5a7982e7e850cef3bec00e52b0b1c63c6e0;2018-07-14;2018;7;14
46b9776cfe2758dd77e5e81ba8d245836de3228acf8703d58720bf7d9b65aee1;2017-07-30;2017;7;30
e9cd8a6437512a0dc85caf0ab5cb656cc73c733c4d5a58012e1e090893a614f0;2018-05-05;2018;5;5
ba90447ff82ff40f6bac8607c9f946f9086ffeb85047c2c1b287f9fde9d35902;2018-01-31;2018;1;31
d4240d2eef054dfa8b44ac0cb778713eba55fbf956a0c7df03e4fe636d715f90;2017-07-13;2017;7;13
f44e5190cec917f84eb1f6613724237a02058b71fde133b7373372442e893f79;2017-06-01;2017;6;1
d42663b2305d8c0629c0b9c47a27d22ce3ee79ee06a66b49758b3b0326a9026e;2019-01-14;2019;1;14
4898387f521f8d7a27fd837e7bb89d4105c353567381edf380e02fafa3939399;2018-06-02;2018;6;2
5186263940bfb4acd43cb79ac663be106587ffd5bce779adee27ebfe55793dfb;2017-11-16;2017;11;16
4a29011cda992ada9bfd9aa3c4e02aac31a265851ffbad96ac212e09cb9f73b4;2017-08-05;2017;8;5
5c10e02237df386994e3d5195d3ced97554f225d3274e13c0a4a78c015fbb303;2017-11-09;2017;11;9
06ced304706372050024e9b7022f471e2470b939168f0dd5385d5f7a468f17f5;2018-04-07;2018;4;7
afa57b41bd41c6cc29ed05e44396cd12aa32c8c269587f0c8152f749cd4706d0;2019-01-10;2019;1;10
6082e08b723a0ce1386ddc77c250994d6f54ebcdbad41de95400376f67e0f2be;2018-06-13;2018;6;13
ac92f06133462f3446509682504e12f7aa87b57afb738f28d75984d178d9a844;2017-09-24;2017;9;24
8c308a8670d36b5db8cd6a6512f10b15f32011b0db8364cbeacf916695fe6b90;2018-11-04;2018;11;4
0155f9a5e8443cd8e4d85867297c3ab587404a3e733a58b96f5c4c15cea0d330;2017-06-23;2017;6;23
b75a252080c838fd4f07f7ae910b6a5cadb66368326d71c9a32faa1400786832;2018-06-09;2018;6;9
8d9fac8f946e951a4198d3479556c9edc5884b87ca0a68931e3e406294fe8996;2017-03-26;2017;3;26
6a5e67682727ff030826ab2677bdb1b51112cc3ee8a3b00a54f61b2966838fc7;2017-05-11;2017;5;11
2865063e43f09e972ec3e34f6f9ab75907eff1f1e803afa0910cbbc5b43971b6;2018-08-11;2018;8;11
9c2bbf2085601c9fdc8ee58ec3006347bb3c9d592cb12e4877defbd86b0da984;2017-02-12;2017;2;12
c897eafc273a9d502764e2ad05948e5619dbeca7958750d234c42941662c719d;2018-01-17;2018;1;17
5329b1d6d47ef493ea63951dee5d36279bad20816626a026cea23055800aadbd;2018-07-11;2018;7;11
2f6884710b0f2ff9fa605852bd9a36ed5ad2c6501a89d0cf6c3f704e75d61e46;2017-07-09;2017;7;9
738e85cb394dcae0951a76e2dd2b65251affa06d242feed4632eaf8630933bc2;2018-09-18;2018;9;18
f694596ce1ade43838ab83eec4974e3ab0d8e3e0d87dcae4a1dae07593fcf541;2017-12-30;2017;12;30
82f90869dbadb0f73a5c0ab5ed5f9b24e18ababe0a67995c012d801cf6ccdc98;2018-03-28;2018;3;28
ab9565459eb2d919db4cec292bb895ac20b2de3b3a9a17c98f81f4fdc9f3c94b;2017-09-06;2017;9;6
54d0eee74fe80ac67e8f65ceced7c674308d11bd6da02d6ae29959d02d563a6b;2017-08-23;2017;8;23
a1c06f1ce919cd170fdaa76e4364a2328c78f0565f0de06adca5108bb51422ba;2017-05-05;2017;5;5
2a2d14e78be29f4877062d7ffffd07b89abc877b0456f2bf924cb4678a24ff9e;2017-04-19;2017;4;19
15dd4119688e5c40bc87fac0b97bdf53825640013ad34806ef34b9893c039bb7;2018-05-16;2018;5;16
a71ad06a818b80eedc384df86ddd53df365c5b5b65ddbf534be71d4c0a78fbcb;2017-07-26;2017;7;26
bfe9a84e0a1e00908e695dd20aff4b988cbd6f6d4007f91791534f69659149ab;2017-12-23;2017;12;23
ce71b9129eb330a5017df0521bd75bf23513f48b3cfd9c5451e6ea958f2cec2e;2017-11-08;2017;11;8
f535b3b709d574c6c3644e9f734587be0792c38dae0dce3d79490869ba475a5e;2017-09-29;2017;9;29
6166a7751b169e7583eb557364eccf501a775337d3c9697b08f1f751e956f028;2018-09-30;2018;9;30
b943e84124abecc7d84328a7a22515309cee17c826c0f474ddcb57f2ead9ed14;2018-01-29;2018;1;29
01a29bee262df448e9d7687f44a5b8f3da77993a52db6c700c9e49c44781d573;2017-12-09;2017;12;9
68b5ee97dac5c8df7dece03c7166e23101f54436f1903e7ba682f08e3ff2347f;2019-02-20;2019;2;20
03cba334851aa3de7793668358aa0603137ac4704ddf573aabe5bb8d8c4a02d1;2017-07-05;2017;7;5
d43b27f18960cf6455907529a0c87c70c26df27f3c3b8885c38537e8485f59d2;2017-03-25;2017;3;25
55d0dacacf25fa35f3f9f93848f8bd50699af2947b0b35ec7477c2a9f0d1cd38;2018-06-25;2018;6;25
57f6f6a7eb6ca5c33b36cb5ea1e05a2d4eb6af5dbdedb2ba1a39e74a470e9bc7;2017-03-24;2017;3;24
cb2ffe08dcac84848f63e33f603f782d5ce8a6612d0e0c2b16c44afc3b0b3f70;2018-01-30;2018;1;30
f1e28be1dc23fc95801eb43bd205c9470f3f2c9a0d202a4d655192773e2c2a30;2018-11-03;2018;11;3
e7eaea8f2de28bb4d32dd1fca7007fcd2bd2374bdd40c4aa85257fd2d4614ce1;2017-04-23;2017;4;23
1f14c5c5f3db537b3a271c9cb23a5842d5d9d5deff5f3b7d4dbd763d73630b14;2017-05-14;2017;5;14
1d9b1b57ed0c132fd1b93da90be4bbd74e7c344421cb7d816d11185b867068a1;2018-11-14;2018;11;14
40f1c3614a23db7e1f6d091ed1270e562bc6397ad5e48a38efb6d5bfeb8bece5;2017-11-24;2017;11;24
94212d3fd68b5de377a5b10b6cf28e13a86083dbabdf28b35e94e548188daa5a;2017-05-25;2017;5;25
e3b0c44298fc1c149afbf4c8996fb92427ae41e4649b934ca495991b7852b855;"";"";"";""
1fdd8a38da1407fa4adc784e5ff4fe5c7f999a5c3b8600260da92df23d526c75;2017-11-05;2017;11;5
d7fe900aad206aaee5f2c469cd959cead144886525921a4e8c5129840161cbc5;2017-08-04;2017;8;4
773acee6a7074e9cb301d8364a8eb1dd5297bb7583071198ecef65f59da24576;2017-08-11;2017;8;11
391f41123878babab22c40020b750bd1a77ff58d17504cba7feff3d8b92f1e38;2019-03-11;2019;3;11
a4766ae381797ab5b5b8c36d73dc7b99bcf0c9c722e7c4529dc64543dc2c8ab3;2018-03-04;2018;3;4
d3bee82765c921276666db5c5125fcc58ecee3b1052bf277c8e460912b32ff68;2018-06-23;2018;6;23
0bdf576053f112936639eec47c7d27ae8ee47a9cba9c8b9adedadd31b1b763e3;2018-12-26;2018;12;26
3c21053bf5408eb972d023db93786d247b8ae4e97b6b9c9754dfdb3fcb300b83;2018-02-21;2018;2;21
fd1c0896416df25cb6e91a7d38a433bc859280393ab6ba8fe0766451fabfe413;2018-01-23;2018;1;23
b39e4a05f540676f4fc31e8de6a6de5c9f7c20a823e79d0aaa61911297afa466;2018-08-22;2018;8;22
8720767c5529a71067f988f141e977793ecf27d3c683664751041a09f5ea6a6a;2017-01-18;2017;1;18
615b53df14514d616a593ac9374a0e97e9f3e79612941810d9dc0e089fd0ce7e;2018-09-15;2018;9;15
a7209eeebc650f5aa3356dbcf3e69d2503ea00f287c2ccf87970177443967083;2017-05-31;2017;5;31
ba4b55344a415ba04d97c8c62ef20aa4c6cbd5dbb027539e5ceeb322c15f80b7;2018-12-02;2018;12;2
d8ac970f6ddabfe6547b22c4b144df60876a3a62a669c19be5c4f9454eae51b2;2018-10-06;2018;10;6
ad9ca0ca61b826135e50637c425e59efc31dd08017a8b76f5edbd12c5b78cb9e;2017-08-24;2017;8;24
ce7012777e31b77b5c462b8875b87b3fbdd535d5f5f7d89d928bf48e99917766;2018-07-17;2018;7;17
29ab97de65092753cf60330640c470261423cbdaf9b124537e26e5ddff3110fb;2018-12-11;2018;12;11
f763a311b08aee628f3b47a51846d97041d017809e3346c3256a7389f9e46f38;2017-02-01;2017;2;1
dff6b3a020ae2a85b2f8bc733ceb08b111c8f54ba8bb865d1d760bd7bcca12c4;2017-08-02;2017;8;2
bf5ad721b93981bfca0cee975053cd3fe2a0ff23f2091a3b22928dfc25b4ae6e;2018-04-17;2018;4;17
8b82913572cd816327f752899989234fa4f34374792cd9ac71fcde52dbdc8a6d;2019-02-10;2019;2;10
0eb571e24f2e66f4ebbc99dd1589dedb6dfb6ec5ce6865a0f428a027db0ce9e5;2017-07-03;2017;7;3
749234e874322516b6870ac7a33ba8231c914ad8ad7d7b3f96bb3bf3fca29c6d;2018-02-01;2018;2;1
1380772647f5385a7f6f270ee7fe46ae734374b8bc053d38c4d0597c658d5e01;2018-08-29;2018;8;29
94f163f4ccc4a4ca928097dbb3db55cce4933e88e16135fc719d223496096a18;2017-01-22;2017;1;22
d4e3884a5f1e2fbc2ac4aadeee9994d4da3abffde36e316a5f24cd5ed9757816;2017-04-27;2017;4;27
01f1976dbf33aa738e37855fd87542cfb90ab689bd8941d8f8a36dd986f13492;2017-03-17;2017;3;17
f82c2bdae6d7a672854a57424bb92f555c9eb52ac3ff65a022279d9e614d253e;2018-10-21;2018;10;21
d8e13dd3cd8d370e88719cf2d40e6e74b3603849063fe74861754d8fe46de4dd;2018-09-09;2018;9;9
8adb8c5abc3eda9cd7a74f6328919609797e614adc9f3aad8d5211e6d00e4d94;2018-12-09;2018;12;9
aba36c1a2a7fb1851452bfd1c3e05aafd4f24fc01a4b2b2fea812b34232d4fbe;2017-10-29;2017;10;29
8230f3bd3cf3cc4514f6c1df267dbd349b1b05b22baa767a5e1b0928d3dd2645;2017-02-17;2017;2;17
0a6cdd9613db848e9aa86b802f19f3d0f0ff642cba81f10f3c9a12f36979e5e4;2017-12-29;2017;12;29
9aad28d0eb997b3eb9bffb47e828722c7417a491ab937aa6b2b3a63528eb5849;2017-12-13;2017;12;13
aae5ca79ba17bf9d7707fd0872f9b22aed82a8b504eb9e7733fece58ed02d032;2017-12-17;2017;12;17
64fb523aa2a0a03d0e9b530e950ac6b67382a40e5b80db160cdaf4e941e0a621;2017-10-14;2017;10;14
95e8d726379a73417fdd7086ce40008cb4ed79d88bc3b2421cc0298a2296bd1d;2018-11-10;2018;11;10
2904c1e5e248440fe1402121c2bdd0aff24fe6c133b3af84cf4a5b5d78a5bfe4;2017-06-16;2017;6;16
0c0f1fca641718b4abcabddc33624683541e4e3d5f5e71ba9e958e67f39f0650;2017-09-03;2017;9;3
cde8462037fd787f486c1d2cf77d67f92720d68a8174c1bbef5b393a4daae0da;2017-12-16;2017;12;16
153b43a7481d87ade62a411bae347e19b2f310043a22bad3977155a69bfc2877;2017-07-07;2017;7;7
29b639b5c9a9e16feb8c70beae9c629a9addeaa576214783413e7a92b565d204;2019-01-01;2019;1;1
357986e948a47b6c0ddc506bd8c6a7a3a5d540385d1f6242a6893836d07d84a2;2019-01-06;2019;1;6
06a00a77dd17abefe897ee3e8bc1d8ff67e7a528cdd8651957301fdc66b7516a;2018-09-11;2018;9;11
631654ddc9fd56dae6003eb99075abf13586565339d6638a4b03ef4127ca112f;2019-02-26;2019;2;26
1bc8695a52d136fdb2654c1c8754f3a62155c0f57609e6f3ca0dfcc7bca5936b;2017-01-25;2017;1;25
d97d9944aab0fe85b8f7016a0812b0e5ef3f44311a13a315ed8e62400ee4b0d5;2017-03-31;2017;3;31
f1013b6dc2d4956746ff30c6b26a52842a89b0ec6067a237af784e89daf20005;2018-11-05;2018;11;5
1f236306200f923fc3ab3648f57f7c794d7020150554c6987c389ba31a1877ad;2017-10-07;2017;10;7
f2051b534b9ac866d40110fe50ec886e030c9a2aedd690393d62cfefc1cdc3bd;2018-06-04;2018;6;4
9c8a9c8a0824ff3b2327dac5b14cd52ecdc6d8dbba50cda7edaebca3580d4d1a;2019-01-27;2019;1;27
f1a9f5abd92c9d19cc69fc043d6ff743053ce3208f89211b599e4d697924d54a;2017-09-14;2017;9;14
9d0885c5de41d96f00447f317df6a6d6e24f28bb05425c19f61d3fe56a6106a0;2018-07-28;2018;7;28
f741b1e9bfabc0a27a4c4309d358e4c95cfeadd2a7415dbfc460f179f9daf280;2018-03-12;2018;3;12
a14fa144e55923baca650a74c099a39600ceff44379c9e5973c1e58592669efd;2017-06-25;2017;6;25
ab1317a6cf334f3e4aa40627f678a087f38e53416e4088761e376bd2e80291df;2018-11-25;2018;11;25
f83217e3e358ce74be22cccebaa58ef98e9ce5a632a8fd8ccd8dda963806d9fe;2018-06-19;2018;6;19
06a077209364d2b08167d977d9421cfd7ceea2ef32f92efc378503b965f92b23;2018-01-28;2018;1;28
9f7f54f4f98c8ccec266ae3e6ad467cfbdc3aa680e78b1c7ad1a885b001b3467;2018-05-07;2018;5;7
71a1cbec94bade2fb0e093ef3dcf1a38b8f44f5474e755325d55ed78e06611e3;2017-03-29;2017;3;29
9c8f063ebe8c031f847f8fe5e35e21faff4dadfc7b9c1dfe44d2ebdf14ca3a4b;2018-01-16;2018;1;16
32290d869eb7323b0b3d0fba27bbbec79d52f919bad5a65f7905bf9b547b616e;2018-01-11;2018;1;11
cd6150be4b16ee8774fa662c3c9ff6301a8ef63cbe472c780c44ab6981d7e059;2018-04-28;2018;4;28
7554ccc53dcfb5e00d044076c597f44f0951bc8c6b0748653249185e14bacabb;2018-07-09;2018;7;9
28abe26dafe29a83e9587ab70d189e0d75bc8df0baf4350bffdbe5410eade647;2019-01-13;2019;1;13
de8334a5fcd131f9e2a8591af2a51b74dd85b9fcf97616e0b677c9d31131844b;2017-10-25;2017;10;25
a989466174b21e7aeb03b2e3cac0738d9f9bf6bd2b9f11b903d1453d1e3a0890;2018-12-17;2018;12;17
e5a3330f1bc81003a4145f3baae3333da02582b7bf8f25347b73eaa7e824e596;2018-01-22;2018;1;22
213f6589d1ce1a799177e985878d37bc937d1fcc84dab6f634fb6baa55af4857;2018-09-19;2018;9;19
1b890e93ad2086306a95b19ccdd9d1bae6d22c3c7898d0d7ee6f8d45c4f090c1;2017-10-05;2017;10;5
65e7198c50d3516585744ae78cc0d02673783b1df12492a1dc1dc91498874530;2019-02-04;2019;2;4
fae61786aaa27cfb10fc56c1729421acee8b47b6668cc6ae4b61184d7bd0d28e;2019-01-23;2019;1;23
51d5d1bc44d66a3a60b5472406064d6d81f9251c7622f4cd4b8a4bf4c97bc8c9;2018-08-25;2018;8;25
f33c591f46a6070d9f0ff244c8f6233d7bd92fb35205518676401a60f2f24b02;2017-02-11;2017;2;11
bde22cf85da4c52b5f5e8a8cac7d4feba4af6bcc4d08a21ad7cf214d03e433f9;2018-08-13;2018;8;13
c21df5d100af2f656e48b572b5a75bf22e9946325d543c9f942d7ce0bae95f6a;2018-06-18;2018;6;18
9beae4733e8f45dc869f83f622f0a89e58dbfe72a93f31d5192706dcf49a4aa6;2017-04-30;2017;4;30
d8eb6b3c0a49a302d9a33a63e7d2788c2876221284a8a518040f457f8f818df8;2017-11-04;2017;11;4
bec53b8fc792ca8a5ecdd23041d85273a560a2d8a0cc9ca6904766390112a7a9;2019-01-16;2019;1;16
b4f12bdbdb2e93df666942f089d2339e5d798fc7d1c2a13503929d5d33cf167f;2017-10-08;2017;10;8
d9c26b6cc40ca0c938339a3b2210cdeb495f5071f2b3f3c7e04a81ce18d5b299;2018-03-06;2018;3;6
8d6c6fc1c87967d3e7de0a8d77fc98131e2631a3637e2a30a172644f0e415cdd;2018-02-20;2018;2;20
fb32509facbf86ce2ce0a27c64239109ea3f5f280449407a755756cf5da603b7;2017-02-05;2017;2;5
ea59e8d14208e21df6ee8012ab374ff03ceac234ae525aa6d2b723abba814629;2018-12-23;2018;12;23
cf762f34b4c5f8cd994d3db78486f8e5059ab66421d1cd8dda6e0169af291109;2017-10-12;2017;10;12
3b8f87fd9177621d7c17e78716bcd337da1a04019ade0126a5b873d18e2cf75f;2018-01-24;2018;1;24
ae97a66b577937a246376765302d44c335fd37ce048f03f9e0ef6ff294b04566;2017-03-02;2017;3;2
5f72449746601e6c31e00bf52086748ddeb2fc4160d1244c4367b4c1a8539d25;2018-04-25;2018;4;25
0ebc7f41667bf4cffcfb83e9f3ae3f098923cd156e0ddf9c11b33eb76d22c31d;2019-02-03;2019;2;3
2e910ef2bebe0fb037720e2980580eb60ca86f7d46e72031524ade763782ab51;2017-04-13;2017;4;13
a4b0e67eaa3dea2b3f98fdd092a2fa62cce3b37a290f6891bc08cf853df987d4;2018-08-05;2018;8;5
84456dbaded3f6c692f4b6c309b6e5b62b301ab2823959b477bff8918931f2e2;2018-08-14;2018;8;14
096b1c8cfdfeb8a3dcd2e2ec5316dc372ad023c901f0d3647fb84fcd85fe082e;2017-09-09;2017;9;9
feb2b2fa2d61e047a6d560764832b4bf37cffbd366b2fdb51902cb2c401ba97a;2018-07-21;2018;7;21
10651aacd82aaa17e61c2ed991c7e1f9e6221ec320c2e92e1b921a3a6dfd27d9;2018-10-13;2018;10;13
e59ec5661060949fd151d99c9d20e9beed206d2d38ba360c459be125dc58e0f3;2018-05-01;2018;5;1
89da67de64e1163d3532424d14b64c66700d063fcb58ab82395c09b3b61c273a;2018-03-11;2018;3;11
d6440d55b36e7a232f78505b19293bde02ba94135e7bdcc388c50c4c518ddd66;2018-09-16;2018;9;16
f50e3deea995079f0f88da2a12d9f01727d084bf2e5ce0d1c30a08d0bd6c029a;2017-04-05;2017;4;5
e378eaaf0a5e9b2f5b38dd9bb97ca3aa5a859ce18c82bec62540118926e6559c;2017-08-18;2017;8;18
f4b375d3983f12c555048ec5f245e465cecef172d187c9e5f275f1523e351c66;2018-06-21;2018;6;21
dcdcd1dbe1961bbefbc783f4f8b54bb64ebcbc2841fe7b32ed56aa3028fab403;2019-02-17;2019;2;17
5145da314e881a8fef1ab1cbbc8cc6d36e9b1f79ba70c7f6f1da4323f5d77591;2017-06-02;2017;6;2
1bed9e12acdc8430974a4bb621d7b35c89720a3e1078cfebf7d4644eb4aa59bf;2018-05-06;2018;5;6
b7fa7612a689ef150934496506485d0d87e5ffb05471e89e011be129cfc92d54;2019-01-08;2019;1;8
697c4ae407d5f4046534d22ecd877e354dd46ca47fa8889e4b5b07e7e03c6011;2018-06-27;2018;6;27
5e86c0941c911ec9c5e8384c99bf95e1bd81832fbddfeb4fe3a178e057e45815;2017-12-07;2017;12;7
f128384f8cf99e25eb5e08df4304b55b4699efc28221e11aa9ec93c66ca9d9f4;2018-12-12;2018;12;12
253a45bd843db9eff6503b0fa5d747ea408f3c3b0d8e9c6c30da85eeaa9dd49c;2017-03-18;2017;3;18
8227a3fa564c110be722946406b4503a14a25e9257e0e32e68f53f56ebd3fce0;2017-10-18;2017;10;18
dcb8f5633be5e2fb52457c206c74c8cf42a28f382afa9076acaac15d461787f3;2017-01-12;2017;1;12
719b2891fdbc97c8055488575f6557b1a4528cf84a527a723b6d5c6f912ea755;2017-08-31;2017;8;31
e67268d94a7fa0964405d1b0cfb00ae460bed4ce8bc1bba606e8530b60ec936d;2018-09-26;2018;9;26
6d85e1026df940267dea65f0639e675515e2b9c56ae7883eb7978c38cc8de18f;2018-04-15;2018;4;15
30783d0971e51a2ff0f81be539c71e4542569cb90df4ea7a1fb9ee2d19183c8e;2017-11-10;2017;11;10
184426e1fc4aac62ee6a54d89fb107fe7a776909864dbe17ceab772e0dda39ac;2018-12-19;2018;12;19
076f959f0ea3e6a0d2414f2de9ead0531bb11c6da7d29f8929b9bfc294a91c84;2018-07-18;2018;7;18
6697eaa3145af365b2da1b0bb501c7a7c23d8fbe86a830a17081a62401feb527;2017-03-01;2017;3;1
7757e4a741725643a327c4c0526bc4cc14bf899fe1fe683908f66b1f4e14bd14;2017-11-23;2017;11;23
e82ef99ac6d2255b0fd10d69cf8b1dff6eeb7719b62f6133618ef72bf188ca69;2018-05-15;2018;5;15
dbaf38a349c842d5cfbfb337325de923c938c1380b5661976d5c08147ed7b346;2017-03-09;2017;3;9
1d6c9858c75c899033677dcfade2a63af8017f6bf8aa851abcb48989a683f2a2;2018-03-13;2018;3;13
14d4479611aeb6681d16e60673512abc2f8d4211ac8ae69c9ea0018fd5e952d3;2017-04-08;2017;4;8
599e202327ba8d395d4f7a2344d11ff93e4ea74ceb1c38139bb6a0def80af7a4;2017-07-06;2017;7;6
2538965d30245b32f3b9f59c2239580156173f12a2062a83384c3890551f2dea;2018-10-20;2018;10;20
9c464b8479a35b4d565dc1c763477ad9c55dbd2a74261b4ee0ea73e5b4bb55b4;2018-11-20;2018;11;20
8a56a634af52b199700e636ce9e2bc9128d1c86cd276b21c4d67202f6693b148;2018-10-24;2018;10;24
5788f19ef048528bb440e1b6b9f6a8d1f94ca82fc56310184cc762dad2a01c9b;2017-08-19;2017;8;19
aff3451ea401eec037761e8b77b30f29e16ecc347b1bb7db0ce4ffcd6f35be45;2017-12-15;2017;12;15
06494bc42831643c27cd155f15219559e4b4a06e01f020eba4117a7044dba8cb;2018-05-02;2018;5;2
3327a30cffed8e729ce0eb2f07de573edb73790358afaf3cf96b8009aa49e376;2017-09-27;2017;9;27
b709a3ea6035ca355f28aea2ae8e1fa0126807d433fe12832685dff99ba8b72d;2019-03-07;2019;3;7
263899f31efa3478222fd5d3efd2b632591b4ed7ded9f7f14d6acf93a0fb196f;2017-02-23;2017;2;23
f4c0c83094fc9dd9df9dbc2db59c5b5bda4bc496d170d9117a56a4bc186eb7cb;2018-07-22;2018;7;22
80d5eb54be9ff7b1ce394bc4b3cccb6d1bb086bd9fdda890708feea9d083565e;2018-09-05;2018;9;5
73369bcf656647a0940b9c870f2beed212d4b940efa22187c056f11bffa5d361;2019-02-28;2019;2;28
e5c8ea7782a428db283cd4c1523dd6a397db91c524a15126c06d54dab669f3d8;2018-01-08;2018;1;8
6cfd32b67c89d5aec67db1ba73fd847961580e95d1f34e03ae6179660f6abaeb;2018-10-14;2018;10;14
fdf4704b466992da3996a1ed67cee44b7de7eb071b62a910b9a33c806df74906;2018-09-23;2018;9;23
50223c30c313d2fe458a971447810ae6b2f11885baee1f1ac44c5a136558764e;2019-01-31;2019;1;31
0dc541a609353bcd0f7e3b196c943cadc404b01579b1ca7fc3df45bf594a2d5a;2017-10-04;2017;10;4
7e25936bcce8f2afd466bf243384e9a48f200fc3802b12b52c7f159471be0961;2018-10-22;2018;10;22
7cff0dc496955828671f5b32e0f452017fb504505049310290d9775d28741867;2017-11-25;2017;11;25
0c4749a0d097cfe7dea9d0a27cbbdba8dd4a3a02953c867c3efc24a7b88376d4;2018-11-26;2018;11;26
de77b1b77a5215fd7181045350f50b109a3637618ae77633c0090e3226855e2e;2019-03-12;2019;3;12
36e42079502453347dfdf5d9e31cddd8ca3e161c71d7bd0c644e62256a9c4aa9;2018-05-30;2018;5;30
cfe448ef1f6c04ec2c9c17adad69aaa935b90cd8eba4812ca1ae4d78b526e018;2018-05-22;2018;5;22
e5e642b82e89c1ade0438a97ae5502ebd97e23aed820557320dedefbecf9de55;2017-10-19;2017;10;19
9afe1425a01d081fd89fde854b6b3d10a54a22d19940de0ab5d2fe1bba5c0caa;2019-02-21;2019;2;21
0d89272c3e6238ddd8e913234da297b9ff654baae74d4dbbf38d2963b1691a0f;2017-11-18;2017;11;18
b36db91bd0f35b572c85938e5cad4dda1034888103f8a487731eb303e90684b1;2018-06-10;2018;6;10
7a7abe3f05e1e42c0aa6ae5a2469295605efbcd315987763da16068696645ebb;2017-08-13;2017;8;13
f75d903695fc6c1943e543df4c8946f65cad3eafa4edb1a866998e755abb7ea0;2018-03-17;2018;3;17
63f994f448ed2c351b684155fefdb6054e9645e82eacdc1cc06c6106cc137d6c;2018-12-01;2018;12;1
e6fc68fa4627b4d83617946ecb14b0ba73f1392041fdee3ef64df4b5e95125bb;2018-03-21;2018;3;21
d7971753ff22d1a3f53ec3ee7d07a41ee2658697388573824dc15ef1220e0758;2017-07-20;2017;7;20
14bae7e3933aa7853d50fdd765b772cb5b3a038c95c88f922f30a6b6852f5d0a;2017-08-16;2017;8;16
67539609489aad4be7cf574bd8dca82b38b73cc373202f8a742483c5407aadbe;2018-11-27;2018;11;27
4ad91fa5bc39c3540fdba9f83c2209f1db6e3353fe570d49ff83b195f25fa73b;2017-12-02;2017;12;2
813c1b464cd6b89efeae02b257a354fb8c2240f68a306eb40c4428cb6659f95b;2019-03-19;2019;3;19
e55abaaa814c6b833bc93c9640e6acbaaca51e8935a08e049178822c72e95f8f;2018-05-12;2018;5;12
cfa776619075370087a8fc144606213634e439bfa9b53d09c833f4b67015c510;2018-05-19;2018;5;19
0c45d024163509651f625116e68c7faab73c9f0d5127371188e48bcb22732652;2018-10-16;2018;10;16
2e51a7f168b5f7de9d0c4869e58a98c7c46ada3d21960538a2ffc31a0e9528b0;2017-05-03;2017;5;3
1bb89d34a345d286eedb39392b3ee5a7bbe6b13697713b394d7976f168aafe72;2017-12-20;2017;12;20
5f8040f80811e552d0a86d6ac9386ce355b0522db9023d2d0368278c60f34506;2017-08-20;2017;8;20
37928b71113354951a14b2fe9582c370d62f0906301f2eba3a9f226031699086;2017-09-20;2017;9;20
1d6197421241466634b67016a5821524ec447f38352f9fca97141485d8493408;2017-10-28;2017;10;28
807ec24aca59a55e4e9d06db721e859a410da94b35c706087fc2748d940e1be4;2017-08-12;2017;8;12
193dfb46d875378fe4928f4c5584887b29e8a02bc61c4a8546160bd629f6cda5;2017-12-27;2017;12;27
a0ad94a5dd0c51b66dad472c06fe07936d8434fc1103b8eec8b5d2f03efc4ae9;2018-04-02;2018;4;2
0c48cd1d5fddb4336053764ce81c1a316e9f7cb28f6f53d83cac7e7ca4e01ffc;2018-08-19;2018;8;19
16ddce616841204def7a6572ba3e30a3d46d9b13c7decdb8ed519dddecbf3a5a;2018-09-24;2018;9;24
6cdc09a20db68923a5a05a784261c9dd9f638586703cdc1671ce89c8bf7aed6f;2017-06-17;2017;6;17
baadd11ab808be65ce756c936aeb744d796ad38794d7ba1461a1751249ac5b73;2018-07-31;2018;7;31
dc136183defb9efa131872693a25b8e687a03fdc9c033a4a29a18b3dd8764677;2017-06-09;2017;6;9
7abed4a7a08c25d8d84f500e1831a111d6716ca7810f55e2e597b261f541694c;2018-03-25;2018;3;25
0ce141ce21dc0bf47729be7a6a2586116c86a2b43a1a920cd2ced5572dbf1917;2017-06-08;2017;6;8
64d49880b88ef384d92049ead5a164343a3c423e17612b6dff8aed77eb40cf00;2018-02-13;2018;2;13
9d9f85a99a5db742526fced6ad7ed7e5f07debc36e5444c8138e2413cd05fe06;2017-07-14;2017;7;14
c552223eafe0c3348e4cd0a03c820bae5263d90617795f00c709c253d5ebbf0e;2017-07-27;2017;7;27
9bf43d8f958998c9e3a1cfce0e9ff0a598155505f332093b0c36c6cdb9ac3da0;2018-10-10;2018;10;10
18978d570482d32c528c8bcf127f1498cce6a53d8df00e6c12892674f2e4b636;2018-07-30;2018;7;30
44d1967e6ee48f75d900989bab13253389dd8489cbe4ecb991e84611b8d5e57e;2017-09-23;2017;9;23
0def4923422659e121f38be89d92ea93dc8c7dab2bc9de01652fc4492059e805;2017-12-31;2017;12;31
4f2a7eb669386cceedbf2dab79ef77618c86fbfa05674dd550841d4770b86759;2018-04-10;2018;4;10
a650499bf2c49ec32ccc7e5b6b3545b3436dfdd0017db387213597b9c83e4e67;2017-06-18;2017;6;18
0556beeca3ac519095ac9f020ec65f5defd9e1dee875cc3374ee6033d590f00e;2017-11-03;2017;11;3
e22cf2dc2c74a79729703e441cc12f3740d872750843c9ff8d2ac4a9baa63413;2018-06-12;2018;6;12
a6b9f72aa41260b2d2791c20a7c8790f034609bf05758bc01fbd2bba41ac65e6;2018-12-25;2018;12;25
ec42424273d32da10a81e65aca9c86915f01f952e2167d30b0a0eda0556fd79b;2018-12-24;2018;12;24
540c52328ac9cbb8eaf910acc921acda6664714eef2494d3b16d12d6c25b1fbb;2018-11-13;2018;11;13
764e910a361d7aa3d5ae8751d63b0f1b6b1d6454d709f8a62c7c840607ec6a60;2019-03-05;2019;3;5
3bf223e66eeb500a59914102239444f3cdc5e8be89cd4a8fb7d9961ec4cf5126;2017-08-25;2017;8;25
0d175be4e982ee2f8cca80f0cb7fb9a0212001e45a78904127c65e663ceb5a39;2017-11-01;2017;11;1
4d72464a160678f74f1f0a921167001cb7cfae1aee2a14c9263812a5a1ab28ae;2018-02-15;2018;2;15
130eaebbebbdd51a3b831b9143ce4036872068c9409904515b105e60c2bb298b;2018-03-20;2018;3;20
208c6773a23b5590f4b0d8d6d5461d9cbb3ecf0189362be02d58dec6db990f5c;2019-02-13;2019;2;13
50a9fb02732751233cf6c29f1939c8cec78174233398cbb1bdf7d88b3f62dba2;2017-12-10;2017;12;10
2dbe27c8ccc9cc1e4854ec98692cf11e1608a165d12cf4c093ca43eac66df00c;2017-03-30;2017;3;30
da9a0c8db2b617ad32d4c88e1751f7679be9fe0a97a0659e3d71f7cc32b237fd;2017-04-21;2017;4;21
117f721dffc54cb187752c61afd5f1ec9993aaa337ff285efec03435796792f8;2018-12-30;2018;12;30
357190533762bed91759db97890c9716c2d3cdab17dfa8cc5c6905ec78ed48ee;2017-11-17;2017;11;17
1342ab496dc393ca54dbfc12cbefbcbfc59fa446b38049ab961d68feb30487d6;2018-08-04;2018;8;4
417151a874672f217f0eece693c2dbbfa78fa9e81129d3db255e938ff03ddf63;2019-02-07;2019;2;7
05d835cddf21a4273e26cb3587364f67ca89c284bce3449242b7cd63a8974f32;2018-09-12;2018;9;12
6bb40704c4c4a3890cc3aa10d6a0936603d8b2b06c99482f1819373f521fcc27;2019-01-03;2019;1;3
3c087124f2d901f311609cdeda528a838a633f8fbcd6ca8ccdbedf425c22f23b;2017-07-19;2017;7;19
95e393d2fe429dfcdd8f38e94ee6120c3c98a9e5bb9b738294ea0fc41c99c6bd;2018-05-14;2018;5;14
1ed6beeee78dd3f19348786017ce8dd90a6fe48876c313dde329935de09153d3;2017-01-13;2017;1;13
5c8526645f7885a894213f606d2e46f7914b0a900e3484b98c76b8d18e823c43;2017-10-22;2017;10;22
3502abb8261d279bcc41940665f580b79556fef1b4e8e41fc6ff5b4ee2a772d8;2017-02-26;2017;2;26
1169eb2932dc038e01406ad0a88f7cefc36c02fe97c6d0d621eac451ae641f83;2018-03-24;2018;3;24
9f0ed62eee09b7f823004753c36e06dd1b7c8fbf5dd3a24e6e8cd1d86f47fa49;2017-12-06;2017;12;6
872544150ac4de83b80dfe5d202aef0245f315b3671d3c13d5a3da92203a7b19;2017-07-01;2017;7;1
78c763491e683d941e665b762bb0926a3e200c9522b8114848813fb691e93078;2018-01-06;2018;1;6
cffe6e40a12cbdb393c15d4209575458c0e51ea53aeba326c21037486b3e5cf7;2018-03-27;2018;3;27
fa0f1982fb11f36854260d2359d21ed942b3a95a8cf41a63da828c66f4c88f00;2019-01-30;2019;1;30
2ebed808255430d81c133925ff84b0fb4593e9648814267a1d4a4b5cc0b64e55;2017-01-28;2017;1;28
a50c85e4d447534d53026abc963007c4a11696b3d1b08ddc7c4b05c8e459e10b;2017-05-19;2017;5;19
d94db5f476e92d3661d2c781e191fe8d5bb602698b83702dcbb8cb6c5944c7a5;2018-10-08;2018;10;8
7668d97c6d1eecf33235339ea0b83a2f65e17bbba5c677c60ba5960631625fe2;2018-12-15;2018;12;15
786dd50e74fb3b30c533cf40ac574be4b94df9be7f663366d563289b2aa0f3db;2019-03-03;2019;3;3
88a344abe102807899aec02ac18b7345eaa37dd4d4231c393e0b00d04e605ee7;2018-09-10;2018;9;10
18041a24627ba12abb9875ec668cadf550936ef0018a85dd2d1602da77ac9364;2017-12-28;2017;12;28
36f3f9b804cb513e2d66e4e646ce90226cdf8be19ad833737d0a55e2bdc6dd1e;2017-04-02;2017;4;2
f3be4e73dc7a473c3c45f1949beb58b186b2174ef145efd496138dfe4377cae6;2017-07-29;2017;7;29
7f30f1d1a0a81837bca97324501cda23211e03b259bbed7de6701847c7a6e401;2018-07-10;2018;7;10
c2f7e7de8c61499112b3b8e82f1915a196eefef0c995940f3cec05945326350e;2018-06-06;2018;6;6
4649b28458ffed0f33b9dd1227a679067b90eafa5a5ec3ec532ecc4a470f37d2;2017-03-10;2017;3;10
3dac1388c0d3c2535f79fb16a52f2fbb23cd425dd7b41b48a0e615710aecdd45;2017-11-19;2017;11;19
734454a1cccd88cefd37171fbcd4b69edc421d920e85de8dd6391f994a1b8fd0;2018-11-11;2018;11;11
f3e4eaed063bfe76985e37ddd9fb5e5cfc4b0997ec88cc1faf0af675ca1ebf9b;2018-01-07;2018;1;7
424fb21b98d87e8daf02f2a118be0257c0d1e14f524027f4e4ccebed87fbcdb1;2018-10-28;2018;10;28
4fd3a214008831e6329fff056dff6fc4774dff02f42eabd30429d0144f698e1d;2018-04-24;2018;4;24
6b7b8e54fabc1cfc540dbe0617fa55b4fdd4290d9e5415256e6fa4c1c52805c3;2018-01-25;2018;1;25
1897b762b6761dab9d9f4595ee7bc12c580d42c05587ab90d646643750df8096;2017-05-27;2017;5;27
ca27e4d674a063726110cac108f99f053052960c0c53a56e881a15566166e997;2018-06-03;2018;6;3
373073875a4849e490ffa33153a49ebcd308018c1ecf6ab06f0ee721a6f04499;2018-03-18;2018;3;18
934e691ef5e5c5e755221a42ad1ee3b49616bc958e77e2af276a0826863a3673;2017-01-29;2017;1;29
825eb212a6dbc59ae033168401112789107bc0c1295dc8a8549bc900f3603bed;2017-04-20;2017;4;20
522ab8baf5d4cb56feda05003499ce1bef47b551e2e27b1544dc98c3476d77af;2018-03-10;2018;3;10
1df79751d080f5203411dfcd9b43387391bc2b092fdb546452f4b2af8cc18b36;2018-08-18;2018;8;18
9370b911912fdcf24a1fc7030c333abfe52bbadc4cfb967a180f7c8528a24237;2018-12-08;2018;12;8
aa15c8652cc2e6fe70212b0c1a3c59cc7528eaa6f998fed3bd072f073c5d6893;2017-07-21;2017;7;21
9026d88e34df22f51298598681e1f5ab33c9586c83a0f7e359ca1c0eca15e757;2018-08-08;2018;8;8
f74e7a9c3b07467002ed7dc9b83d4726c0462d270671805835b00208a8c91ae1;2018-04-29;2018;4;29
4385949e58caa6feaca73e7c7b5008b907d361a009916b7379bad7fcaa2ca64b;2017-06-04;2017;6;4
254ec8ed42049f551621046b19009aa8058d0e95c44b2f5ad6bcd1f7baade731;2019-03-17;2019;3;17
8243bf63e053510fe9a6532d11bbaba90ccc042e525bcf68f7ad826ac14f6f5c;2018-03-14;2018;3;14
ad1c2afe1a57f6ebfb7cc0057a9c52b3b3146f24f630b17750e010e949620619;2017-02-18;2017;2;18
78e67ffc86abb2f384d5646ee8a744651bdf81c90014b7868e44ba1a9ff6af5b;2018-12-16;2018;12;16
d31b08376b6da8578bf19515e6fb48c0681054572f33d8c6f3f0de0805e2cfe7;2017-03-19;2017;3;19
095861a63822d355a7a7ddb971fda7c30b3ff02ba7d14f61af28474437702e07;2018-02-06;2018;2;6
bfb393cd139bfc8d05491eaea1d74b79c73b603e5d0073d77da331d417b1539f;2018-10-30;2018;10;30
2439598d0daee30bc90d309885b09cfb22bd55d411a44e2b225ed758cc89549c;2017-09-28;2017;9;28
0e62d00dfcc4bfab75235edaac07d4f8a7118afbbe0cc777cff3c0e5d44f640e;2018-08-01;2018;8;1
b1f6e56378fc59283ffe9df3bd9d915f7a2e74fdd778a271abecfcf4b1922c88;2017-05-04;2017;5;4
642f6e6b20e720693ebfaeb71f2394dd6513a3d60a7707266681b6e4189604ed;2017-02-03;2017;2;3
3bac7f4422ef339c8a8666e6f070ff5c661c9358d897e468b4dc6f07e8fde072;2018-09-02;2018;9;2
14927fefa676ede56a311a09d08cad8e3498b522402ea970cf01babf6e062870;2018-09-22;2018;9;22
3c171c456e763036a5d52f2ceb56a3b776508f7c4fbccc89b88bd0cc2b604033;2017-01-20;2017;1;20
c092f711999f4204572b62c84aa9596f494bf8ee284faf60f4e035a6cf44cbd8;2018-05-20;2018;5;20
7f3327761449d5d12977dabb8f2e510f6e14562d768671a0b38cd1e5ce38c44c;2018-09-17;2018;9;17
24630791d460a3abddfae302b14e49a3dadd0e19e42f4958654811196198a028;2018-10-09;2018;10;9
03966c7272cff115705223aca52eb105a6a992bf08bfbb6bcffa195750ea7345;2017-05-12;2017;5;12
b949f18f35cb30cdb0e90863fd663798db6994b0ea2d9e06ce8b620877d91eca;2018-01-21;2018;1;21
39d6fbd748291f06f19bab8e3b02d611adbab0334b2c41c9b71e223de257691c;2019-02-14;2019;2;14
c6b9e221fcfccfb15711c79aefc33a9b77b34a4c7ea115efc88669442b119fea;2017-06-24;2017;6;24
0354fd8cbec68a08588767b54b5d313c9ada838b3ed0c4137cee6dd38f65f11d;2017-10-27;2017;10;27
dd6162c45d3e50b01c3219a8799acaf75f7137c960a0778c039f6304c459300b;2017-02-08;2017;2;8
6da519405a6c1a12ca342d9b8ae01813bfdab4df53f680cef071621371a91018;2019-03-20;2019;3;20
87b14a8a03c6e0b04f487520b04acf52f2c27d4c67967439c46816f95665e0cc;2017-05-28;2017;5;28
c19068f525afaa04a33949a8623b740b1adc999b3b3e84ccd3ba42fd05992643;2017-11-11;2017;11;11
da2087e58d99352ae0ef1d05524fa276025f2d6b9b6499200e4047d0be19fea9;2018-09-03;2018;9;3
20528fed0ed63f420278120a105097be9164454702d1fa8b7040f203b5f8780d;2018-05-09;2018;5;9
19152fc0373afb8937edfdda55055431dc5f9899a9ee1b636381fe6d6cd8d089;2018-04-23;2018;4;23
dcf65ce5c51a192017862cc7466a61d5939e3afbeb0def5d6750a5dab9143d72;2019-01-20;2019;1;20
8771c32ec73374196364334561c8421aeb0fb756e3b63ce24be3faf2370c82f9;2018-09-29;2018;9;29
70a146eaae6721830605451c37b8b9fdd51cf9993d2ea4407d79418f4e5dd2a5;2017-04-29;2017;4;29
55d7578e6bc7138456724b3d0800835fa910d9521c6a342f7feebaa9a29afb57;2017-12-14;2017;12;14
487872c07cb020f083faf403239302d46c0d316499b43e9e3f4dc510e0f2e860;2017-05-10;2017;5;10
13d229c6c14e717ffde6d0207da3f43cf0f180260a0022252ebe1df9fd14ce5d;2017-11-12;2017;11;12
a7bc9505fc0c25a051d1fbcc535a6dfd61aca042fa8dbc2cc0896b2ba5de958e;2017-11-26;2017;11;26
634f57c7018d4cd3bf2581e36d4dcffef0d385fea59bdb99f823f97c2eb4fb2a;2018-01-01;2018;1;1
20dfd95ef2084c2ea9f276d9a257f0664dc38ecb34b5e13d59cde94f345b6603;2018-09-04;2018;9;4
1139b2ce3a193dc58e6101a402cbfe8ae41b01431027dc7131d327d44d87cb16;2019-01-02;2019;1;2
c1c8c13ee94a453ff34d05f7ef1b47202bbf127c0fbc5928453113a37445c2c9;2018-03-05;2018;3;5
cc0e0e997284676e2dde30e50d076a27e48eacb2fc1387a8ed92aeccd7cd4a12;2017-06-11;2017;6;11
70870907e04b4b973cd2250ed18a9fd36ba75b8ab0aeb6e05dfe87d40ee2673e;2018-05-28;2018;5;28
9a61838322879818d776cb1aaaf84a9e1684504440641cfef02ff5b11aee3026;2017-04-06;2017;4;6
32fbbf23366300f99c856c9064021a567ca0d903fadd984963eae754cd3435a7;2018-08-12;2018;8;12
716f6c62e432abba37be6bd6fef8125913459ea6cb9b97ff48d11a8dcc17846a;2018-10-17;2018;10;17
d30a273393bbb78a545456ee21be8e265a3291a25aa6d3f63ef65a9aed07708c;2017-03-05;2017;3;5
7accc18a5819a1f49fe98e5776be28e1db2779f50b8511339586002b6937f62a;2018-07-16;2018;7;16
0c419a091a8de28acb3e99d179f3f65eb04f18882ef51cc49c38975d9468a098;2018-04-21;2018;4;21
548c0682a11b09393f21f28bc6e8ce409995b97297ba79eef0eda1c52fe10847;2017-09-10;2017;9;10
1e7ba535c8f7b7d6b9d96c63842c36c43ea1959c6160fa5f6581a2fd292acbc6;2018-04-08;2018;4;8
7da2eabd30f1434ce257d370686b03dec6af4feecdf27961cb43c9dcd1e926bc;2019-02-25;2019;2;25
3544efef53209e1fa0ebb096aa193b2c3a3ab60e77e9610c6d0cb1701873d6a8;2019-02-11;2019;2;11
1a7f6fe62d944d3b54fe7c25bd990ba2aadfb330432b38f4ca6225d1565d2a44;2018-12-29;2018;12;29
dbc904481d87577213ef8dd96c287558572898efea69374179989064caf51045;2017-02-04;2017;2;4
02da9926d9075226b75eecd5378e13ff2a3d2e1d17f0a364d85b45e9d04128c2;2018-02-14;2018;2;14
479b65faa43fc3cea5e266366726b47bfed86bddc24931cb59937035cb9bd30f;2017-04-14;2017;4;14
e6d4484e33d24e136ff9aefe7b8008c5622bda36a5e6b19ce250a4a27727ada0;2018-02-04;2018;2;4
233184c2fbd8e3846ae6383f0444f2622249382ef0f717bb1a2b13fc6aa4ccd0;2017-03-12;2017;3;12
fc1e8c5fdde42734e2baf7af4ac0f4dfc24571749251304109d3e3e83a3476b5;2019-03-06;2019;3;6
8ad79826a9650becca6053441d82fb93489a176e9a0d9c31b5917d60661c3ff9;2018-11-06;2018;11;6
c5b2ccdc14d1869784e38dc6ee36f98fea27c8b1cf51e652037261d75ebf2d1b;2017-10-13;2017;10;13
a18de3012b38397a02d1d612eb4d6e675a76340e50158e26a18f654580c1f29e;2018-11-12;2018;11;12
57889f0f1957351e3c1874a82a5b7345e6886bde21119adcd06555a5ac60efcb;2017-05-20;2017;5;20
9b933f4f94e4f299e4bf9e3baad0d7b9a8a3f6611908fda6a47d3ba5fce74112;2019-03-13;2019;3;13
7c417e4a115839be489a15a1680841a850ffa30e284cd2bbec3c60741b89149f;2017-10-11;2017;10;11
47298774065c6ee9b511b9abb48af510f5032198092ce8cfd187f3fbbe7a9cf4;2018-10-29;2018;10;29
65d9175f9377a707baf73716168ec346b8601c2504d9aa15793876979f3a88b9;2017-05-07;2017;5;7
3d9089c4415243302c9c947f94627a2fb9e5f41185906f849a18305b59b66b16;2017-04-07;2017;4;7
d0cb5e7ca81c4ab621046cac160a85d44f3b50ed4ef93ec0f0437500f5c7567e;2017-02-22;2017;2;22
39958c3ce0186ad2355e523611d207302885344657cb356fbd4e2b855fa8b361;2018-12-22;2018;12;22
96829100ffa9ffaec6405ac0ee6b8451b44feacd538d955a0f7f2aca000bfe72;2018-08-20;2018;8;20
499ef31a297b754f6279799f7dadb234f6e874f60a9b0f40ba1fe645dd46b60b;2019-03-10;2019;3;10
946d3e18e53f014ddf0d878825b2bcf0f85b5f1bbe0a79956ba0e065d8e1f146;2017-02-16;2017;2;16
5caf7004b52713fab2633db7cf4e8993464b6c085fad888431db5b5e056834bf;2018-01-18;2018;1;18
6c85299539690156f432ea2bf3a338a8a8121996345aa0cb2c94c4363c124a99;2017-09-21;2017;9;21
68a6b486544fb88b55aa8faf812c139cc1bf650a406ce297abfb9841039a2326;2018-02-28;2018;2;28
d1f9e5f4626039e05b09bd4f9cab6899ba97cbd9e86276b853a269a9b24c6695;2017-03-22;2017;3;22
05869f41b919a55d4311d0caa2828792bd2a94bec03b020e6e7b1bb6e54937a9;2017-04-22;2017;4;22
73ffe2d7808c7acb9549401df3b2f42a51ea2fe3a8f275beb006acb469376974;2018-12-10;2018;12;10
62d74baf27b44ebbf2cc6608b066250982503ca2d534f0fd5c990dba842f9942;2017-08-26;2017;8;26
97dac3aa4cf77c6e01d8e760d94829b817cb1995dd22c9b0cb8169ab189f1f0b;2017-07-12;2017;7;12
bc63a5e5fa6bb348641d044e5569109092300ec5f878465b1af1e395a5910a71;2017-04-26;2017;4;26
0a8d12eac2d6ca825a3090ec1d1de8cf5fd51f31ec4306ff9d81f95874f9041a;2017-03-04;2017;3;4
e7fcd64d48c1d20c789ecd80d68eadb24bcfb80c00edc7d9d49a39fd8b105d68;2018-05-27;2018;5;27
0acac17b8a98e9edaf471511545f1fc220e7bc32e141b84bcaa390f60182cb09;2017-01-27;2017;1;27
503c4b9c85ed5d3313af645119d9577cd4dff18318a8c9e3d6ae254686a1182c;2019-01-29;2019;1;29
d85ec408ba1278c55d3c84928848aad1860581790e7c3ac9927ae33bd2c6af90;2017-10-26;2017;10;26
1b4fc613d5981ec5b4c8316e679e8727406abc302f9dd69a1a5944c528020d7c;2017-03-23;2017;3;23
1f0a5f966502b6ae2f1556d304cc72601666618d381cbf0e89efe765b04b0fa3;2017-06-28;2017;6;28
17099c701021bd89f72bf5def6f01dc166f6fe8be37c8236d1887ae5a41a60a9;2017-06-29;2017;6;29
0ce314775c0bdd92f1d97a592437afd928e5eea2b62a9f3701274116764b39b8;2018-07-01;2018;7;1
a690d8d3624d6be9e7c88a6efc24ebc8ae9987988ea51b1bb34276c74500cbf2;2018-08-26;2018;8;26
98d1ddbf2843fb64524afecd734e06e17d3d7e0c5abeaf2bf9b4e17c05c668c2;2019-03-21;2019;3;21
e1c845e4d06011bb7bd048352b0e622df3e2dd778b95ca2330d87b46110f3cdd;2017-02-15;2017;2;15
91eccfeddf9b58c5c9b13bd91acba4f37331eae6e7c4044c45f1b1dfe1bfc34a;2017-11-15;2017;11;15
40a7d93b9613b666083b9e030330c3ba41ae568fdd5bb9e4f1164ecaf8eef677;2018-01-04;2018;1;4
d6d528b5a3eeeed2932f0df861d3d9f93a240c9b1e419cd0931edc48d8c13615;2017-11-30;2017;11;30
bd67400da1b2aa8925d8787a08244e027913be5f647d6257f087472e467d3688;2017-09-16;2017;9;16
56d38b51ac215943d66e28936f065cc6279b478ba6ec8f151cd94c143cc5006d;2018-06-28;2018;6;28
761f43b788d4212f2d9c4ab386c9889eeab48b63953874e14225f78100f7e92d;2017-06-19;2017;6;19
3c0d448e5679b12dd661498eed099220654f75393e6273b0b7eff4835dc4637e;2018-07-23;2018;7;23
de594e27fae05f649e9f5458eb7a3672dd8317de26deaabc7777ffd69e45f626;2018-10-03;2018;10;3
61bf3cbe362265b1332d805267d2ac09df67b698d3040d45592967a77bc2f6b3;2018-02-07;2018;2;7
505ed00ac0a6d6a2a60b01d2aae86ad0484815daa7db5cd2f5d6f2eba45a34ad;2019-02-12;2019;2;12
0a37b8c18b384ec5cac00ecb85b1499e383ddb420c28484e352ed81e0d648d95;2018-08-28;2018;8;28
ff57096996dd051935df2556ff66ea42fad13266716d47b3c1e849ac18b034a0;2017-10-20;2017;10;20
759a6407eb99ea2c942967a872cda130716d8a8da22872feb8b874343d3c7b7f;2017-03-03;2017;3;3
a2b736ac9f2f7db47f29683178a7d11571aca6f1842638b1fc68d82cc5eb6058;2017-03-16;2017;3;16
f215beaaf9be1586aaa1cc083f071d305307ff4dce7c5191b34226259f810a45;2017-11-22;2017;11;22
7e326af70a6b472889224a86082e3e7975a13ecfa1ad269fe56b4d7e79d7eb50;2017-06-30;2017;6;30
1d7d6499b73ca6ea5dbd5b4da44ff8e5f43e701c3968e7c0437bc5b151dfbf5a;2017-02-02;2017;2;2
9a48066ee72b97c2823e21e434f088078378e5ccfdf7c318f946bd438e340563;2017-09-07;2017;9;7
1a9b9186355fc17eaad3502ca601f750319430125e804d8d4aa15dff14ee7163;2018-02-11;2018;2;11
1293f3cb616ed34a9e1ef7b7957c6e349e9fb27de749aedee9cee0581f872188;2017-09-30;2017;9;30
d11de2ea4196a8413ff23a005f944286140826a2663cfc17d9ca62acf01b5786;2018-07-02;2018;7;2
bf0156bf5bb45e2c67eb8154a6bfae0712030820040f851520b1d7327e1f808c;2017-07-23;2017;7;23
88c1317d3b224ac09935aa75b2b769e7d22bc0f27497c21484a31e0ee76a431e;2017-07-08;2017;7;8
176ec054c9cb2afc77b9509b04e569009fee1d79a3820834235198e7ba127ca2;2017-08-10;2017;8;10
ce1d9a942ae40d6d05b4d4232fddb7595e743b6b8fb15bcbd3ef022f439ff68f;2018-12-05;2018;12;5
1960064648aeb3b5e99d06838f0f665b643ec786a6a0815edc3870df057736dc;2018-04-01;2018;4;1
2b11ea64959ac180fdd48ecccf8ce6134355fa0dc994a53e1ed85e37d3cf4c40;2018-05-21;2018;5;21
aaea3634efdba710b30552215aa6ab7c3d1c360caca91925e7fbd2f8da1431d0;2017-04-28;2017;4;28
