DW_CLIENTE;customerkey;address_number;business_family;business_unit;customer;customer_type;division;line_of_business;phone;region_code;regional_sales_mgr;search_type
1afd9ceaa9174e61f00df9a6e7f14612e61c368c40baddb0eeb7a540626b9198;10010970;10010970;R3;1;EDP Shop;G2;2;\"\";816-455-8733;2;S1;C
3e15e82a3ba04c4b3c23eea17f1786a1e1bf6accb40423887899c2307f33171e;10021184;10021184;R3;1;Pacific Supermarket;G2;2;\"\";816-455-8733;1;S16;C
01df89f0b17001ef03d320d62ea13e7dc1371e2fd0e829598dabafe16c0d9ec2;10021242;"";R3;1;Page Store;G3;1;\"\";816-455-8733;5;S17;C
f70988b2767282e628754fe7f87725f4bb62b5df66d05457644d2b4a9673a604;10021494;"";R3;1;Paraclipse Shop;G2;1;\"\";816-455-8733;5;S1;C
5fb2e54a8cd595313c6eec8fe0bf8d3059176848152d18a9799d4b6e2d7e8915;10025353;"";R2;1;Total Store;G2;1;\"\";816-455-8733;5;S5;I
4c4300fa2f236a12be091980159fb80b29b266f2d2368ee93aa92262646de077;10021412;10021412;R4;1;Panngea Shop;G2;2;\"\";816-455-8733;1;S18;C
8aebb4719177e05c5c082b39bbae7cc12584f3e494ae963b8823dc55f5ca2a96;10024942;"";R3;1;Tag Supermarket;G2;1;\"\";816-455-8733;5;S1;C
5a3a439fa957c5a70de7bdc93ee36921f607a586475b80c84617bd13d102c914;10009863;10009863;R3;1;Deere Store;G1;1;M1;816-455-8733;5;S19;C
3ac074dcb1c1d3fabae0d633c86048c64f7c37521a8e3a16e4a0911bb46f7be4;10017314;10017314;R3;1;Idyllwild Shop;G2;2;\"\";816-455-8733;2;S14;C
31a557deb44983e0cfb3789b4785b5b2693f6e2a25907f948dac75acef6e3a58;10024246;10024246;R3;1;Siemens Supermarket;G2;2;\"\";816-455-8733;3;S16;C
e7f31a34fe382f9674ae9de965b25b3890cdb30a3589b6d31906b9a8a6e6dab5;10000501;"";R3;1;Absolute Supermarket;G3;1;\"\";816-455-8733;5;S5;C
88af132648575a51ac78afe2b853b9bc79f564158d63a73a04b7234cf6745521;10010974;10010974;R2;1;EDS Shop;G2;2;\"\";816-455-8733;4;S9;C
b52b5466599b540352bde890ca604a80d9c1918b00a32f60ac209bf9ebd1a238;10022755;10022755;R3;1;Real Supermarket;G1;1;M1;816-455-8733;5;S19;C
6e409b191beab9d66684906402dcc02c30a642464505dcf85a2503f1a6b395da;10008602;10008602;R3;1;Caprica Supermarket;G2;2;\"\";816-455-8733;3;S1;C
db6c0629b0b7b48ade0555e744e8db8aceebdd7f16e3c3ae302ea41421d477d4;10007355;10007355;R3;1;CAF Market;G2;2;\"\";816-455-8733;2;S16;C
cb98929ed9e931fe010e7eeb4ad3cba8a5fccc04d8d12ef5a6740543e3d52bc7;10022746;10022746;R3;1;Rdlabs Shop;G1;1;M1;816-455-8733;5;S19;C
dd7853d4dfbd5ff35f97ef319ceb23ecb09fe66d4c25c5bc05617dffce3bdbc5;10022240;10022240;R3;1;Quantum Supermarket;G3;1;\"\";816-455-8733;0;S5;C
3937d8b3a57de6cd15133ecde27c2877592d0ff7400c4031ebed57e47ccf0459;10024009;10024009;R2;1;Scottish Supermarket;G2;2;\"\";816-455-8733;2;S2;C
818558499677b050bec95e07431dfc1f6132243653ba810c58ae2ac24a8f3054;10009653;10009653;R2;1;DCP Supermarket;G3;1;\"\";816-455-8733;0;S8;C
42c0cef9987735c0d3976755d2949ab662be148d0500861725e94413ddb22f18;10025023;10025023;R3;1;TAL Store;G3;1;\"\";816-455-8733;0;S5;C
7395cd77343a3a9e9a24d4ffaa4e4b89c24a2da8ea8cbe6457c6f6281b49f832;10023715;10023715;R3;1;Diss Gigastore;G2;2;M1;816-455-8733;4;S16;C
ae27f9f01c5a438194a8cba0ba1e316ff6d65ef429b5ed63d0f9552173ee3fa6;10011198;10011198;R3;1;e-MDs Shop;G2;2;\"\";816-455-8733;3;S1;C
d4ad6605306834f6ee630a70c92823ac8e87583a72e2661b6851d89bb7504acc;10021485;10021485;R1;1;Paracel Gigaplace;G2;2;\"\";816-455-8733;4;S22;C
713741bd1a29465e58a80e6ceddee7e38f8c32b0beffe8c9d07f48e60fed7948;10002155;"";R3;1;ACES Supermarket;G1;1;M1;816-455-8733;5;S18;C
a37dbe18f2c81e7606ed09ea51c47c20199a07641179b083cc108dc4b4f72c11;10024880;"";R3;1;Sun Supermarket;G3;1;\"\";816-455-8733;5;S8;C
5614fa27c24090714b303749a3c8fea29df79145982997e1a945201991b73c03;10027119;10027119;R3;1;Yurie Market;G2;1;\"\";816-455-8733;5;S16;C
048bb393886b652c563d443a0dd0e574cd420553223e76e55e98f0c0a0851c50;10009985;10009985;R3;1;E Supermarket;G2;2;M1;816-455-8733;1;S16;C
a8ffa89c36591b36a8d5f015d0c3cafbe8eac419a1291f3357443b58e9d9bd32;10018871;10018871;O2;1;Karsings;G2;2;\"\";816-455-8733;4;S12;C
018d44d1d766e97960cdd363f22b6fbb4c40798f9fdade92e85d42c26924fee1;10007536;"";R2;1;Calypso Maxi Store;G2;1;\"\";816-455-8733;5;S5;C
7f65dff76464c9f8813eba71a6828f0048fb2ee09b773781b8224c6adc5d8868;10013252;10013252;O2;1;Gate Shop;G2;2;\"\";816-455-8733;2;S12;C
db66f74e54ec81cfd1de495eb41cd3332b0ac60d1f4ed8bec2ca9b57e1b99541;10013238;10013238;R1;1;Gastown Store;G2;2;\"\";816-455-8733;4;S11;C
2c8fb1e387e83e7ba649d917f9ddbea9a603f163837b36510f99a8dc72b9459b;10009639;10009639;R3;1;Data Supermarket;G1;1;M1;816-455-8733;5;S19;C
2d9b02fe88e1b74ff644ba36d60056f55b789e82390038f16642ba6b961675b3;10003857;"";R3;1;Beckman Market;G2;1;\"\";816-455-8733;5;S1;C
5535d2486fdb59275f0a2fe2c6aa18e7a696c853f0cdc5fdf34f3aa3960a6ca8;10013574;"";R3;1;Gebbie Store;G2;1;\"\";816-455-8733;5;S16;C
dfb89c6f71aaf23bd65efccd52320d44cd529d936d40781a5cf438013378a19a;10013397;"";R3;1;G-Com Supermarket;G2;1;\"\";816-455-8733;5;S9;C
834af7445ad6700b9db693017c4ff12193f84fbee6bc8530a1c4c02f4c5e6b2c;10016549;10016549;R3;1;Home Store;G2;2;\"\";816-455-8733;2;S16;C
f8d148df0b8533b18d6ff8e0dad12386e19e87f420f30153e7c37ccdca93e11d;10007564;10007564;R2;1;CAM Market;G2;2;\"\";816-455-8733;2;S1;C
9198de2fe7e55670f31125599988aef1294248c22d96d1a176d42d6d3e03b17e;10012226;10012226;R3;1;Fills;G2;2;\"\";816-455-8733;4;S13;C
85a5dcacf335b5c1482027fdec6b579c2de5ac34f49fedcb34c15723fd5c45d7;10002154;"";R2;1;Acer Superstore;G3;1;\"\";816-455-8733;5;S8;C
f101696f09c0c0788814944b0567e1b5800f97fc2244633626afa02100c5ca6d;10000478;10000478;R3;1;Abacus Market;G2;2;\"\";816-455-8733;2;S16;C
97cff57acaa9ea62492240c127c095b21bc8cb029c77922059a9e56cb30ee480;10022166;"";R3;1;QualityLogic Shop;G2;1;\"\";816-455-8733;5;S11;I
00a3c761ca95b4daab22cb35508c89701cd722d6512422a39a159b88089518fd;10023023;10023023;R1;1;Crew Superstore;G2;2;\"\";816-455-8733;4;S20;C
604e12c71caa214eb71df0efda8340f024346d7b06b50a48a216313c542c877e;10022732;10022732;R2;1;RC Market;G2;2;\"\";816-455-8733;2;S5;C
c603d593daa75cc30ffbf9aa5aaefbef790b04b9e9e62dc25b20c5ea59e8868d;10020849;"";R3;1;OnDeck Store;G2;1;\"\";816-455-8733;5;S1;C
6f960dfacff29d5b17a12462ce4f0bfbe0809c2e925d28e5c4d66ef311dd62cf;10001786;"";R3;1;Acara Shop;G2;1;\"\";816-455-8733;5;S16;C
52954ac7e339062960e348253d6e0fa6320c0f2ae8f2abbccf601fba6cec38c3;10006919;"";R3;1;Hoovey SuperStore;G1;1;M1;816-455-8733;5;S19;C
193c81f322ae5f78075dda02e17da1bcc5ef19636a119ff5cb52c0e63807f736;10016303;10016303;R1;1;HMR Shop;G2;2;\"\";816-455-8733;3;S20;C
78a90ab0ef790b3174723c925188c0d32d1344d9fbbd6904a6dcbc290c98b04d;10021418;10021418;R3;1;Panzl Shop;G2;2;\"\";816-455-8733;1;S1;C
f42315cb0e5b310de4750151b5adfa1f2e2cd99c7d0f73bfacb7afa3b3d71e42;10015956;"";R3;1;Hidden Market;G2;1;\"\";816-455-8733;5;S9;C
39c6c525dcf3adb78ac7ad1258a2c3f1fbabd0a156c1a759ecbe8101b6b7b485;10023471;10023471;R3;1;Road Warriors;G2;2;\"\";816-455-8733;2;S16;C
969c0bff4af89de6c1dbe32bf13af2657fc976ae06c3e0369926622ce89f9432;10013011;10013011;R3;1;Gamacles Shop;G1;1;M1;816-455-8733;5;S19;C
7a818c6018a0b6f62d89443829b63b044d6b1ad94b9cb80a2ba12db57994cbf5;10027348;10027348;R2;1;Zephyr Shop;G2;2;\"\";816-455-8733;2;S5;I
510eb2300e59809a305da068f3b275a6e9669e653191691b8d5f2ea1696420ff;10015793;10015793;R3;1;Hetrick Supermarket;G2;2;\"\";816-455-8733;1;S16;C
d944df649738a86584ef5d78cd8d3c1d95063a031faa7de4646b091f907b13e4;10007117;10007117;R3;1;Bre-X Shop;G1;1;M1;816-455-8733;5;S19;C
f719f550a94b4fde172853aaab72ffb2ef60fd9f7b9022bf36e77210fe79f61e;10020364;"";R3;1;Mersey Market;G2;1;\"\";816-455-8733;5;S16;C
a4322ef43ed7168aaab2677f87c604d474bd4f99f1c6adf32fd525984d002ec0;10004245;10004245;R2;1;Bens Megaplace;G2;2;\"\";816-455-8733;1;S3;C
874f1e8c707123abe2d55415e78c355ea0567e4e16cd5071b75500bcd5d9f22a;10003795;10003795;R3;1;Bechtel Supermarket;G2;2;\"\";816-455-8733;2;S16;C
0bc82a53a1802d1d5464b1926d15baac2543dd245f88302357f9206f451b04ac;10025246;10025246;R3;1;TECC Shop;G3;1;\"\";816-455-8733;0;S5;C
d5bd2eb02534a43d9d03f553b0ac87fa6ebb5d6c06512691b2c8552ba73e33ef;10007253;"";O2;1;C3 Supermarket;G2;1;\"\";816-455-8733;5;S12;C
1ea3605621246b917d77783e7832b59333cffe5a00afcadda3f2eb6de725f213;10026038;"";R3;1;Velos Supermarket;G1;1;M1;816-455-8733;5;S19;C
b169ffe571eaf292b50d01bbdf999dd97b0982fe527b52167f06286abbf148dd;10025778;10025778;R3;1;Valicert Midstore;G2;2;\"\";816-455-8733;1;S16;C
79bfc8a6b6a2716eb2efbc5e8912a6173a59fc85c50be6a4402fa0a6fc3f9962;10027050;10027050;R3;1;Your Market;G2;2;\"\";816-455-8733;4;S9;C
983395eb7798f2e2f97480d6574b4348e6f9b5bc480160274febe44d33b9f72a;10014264;10014264;R3;1;Harbour Store;G2;2;\"\";816-455-8733;4;S1;C
0c703645867ff2d69143e8503acfaf59a8b7bfef01d5d176482b522aa9bdfe41;10023964;"";R3;1;Science Store;G3;1;\"\";816-455-8733;5;S5;C
bcc0246c6db7d12df5e5e547faf24fb4f34163495a8b6c1ed5cc70d0ea468c2a;10023212;10023212;R3;1;Reuters Supermarket;G2;2;\"\";816-455-8733;1;S1;C
353631ac8a68de21318958899927744e386cd2755274904f3baff1d76a313de5;10018644;10018644;R3;1;Kabbalah Shop;G2;2;M1;816-455-8733;4;S16;C
052fb75e27e1edce8c4d3e6c5ffa9b14063f66d7296598971ad7274e3d5b96be;10025038;10025038;R2;1;Tanager Shop;G2;2;\"\";816-455-8733;3;S11;C
9b840927a9d44f523366222247c335e566301269752c3cca48e55e703ba6f333;10004255;10004255;R3;1;Bendix Store;G1;1;M1;816-455-8733;5;S19;C
a21b5590943dce2cd515b7f6297b07e83133e8922886def334a7794b8ade1941;10022168;10022168;R1;1;QualServe Shop;G2;2;\"\";816-455-8733;4;S11;C
bfc797b0d7df97220a16cecb7ed8eeffea45b978f01cce94e0db0c5a142482a3;10009662;10009662;R3;1;De Store;G2;2;\"\";816-455-8733;3;S1;C
e73c6c3de23f272a14935c40fd00cdda4620441de9e62d13106e486b9d6e134b;10004602;"";R3;1;Best Supermarket;G2;1;\"\";816-455-8733;5;S16;C
265c03fc2be0243d76ab4106aaff238cf3f5f476667e2fe550f3edcda313ae8b;10024743;10024743;R3;1;Stone Supermarket;G2;2;\"\";816-455-8733;1;S1;C
13085adcd7d4e938cd208158a63c163ea65fb9fab933635d311efffab767c7a4;10009652;10009652;R1;1;Dci Shop;G3;1;\"\";816-455-8733;0;S21;C
4df8d1b156d25559b36b030ff4cc2d225c9318af189fbcd02114c07fabbee48d;10021911;10021911;R3;1;Ping Shop;G2;2;M1;816-455-8733;2;S16;C
48fcfdb73cb4ffcda8aca7ff702eec32c44181e81e6890466f21ddf879ddfaee;10019066;"";R3;1;KENROB Megaplace;G2;1;\"\";816-455-8733;5;S1;C
6505aef350ed2f8e7e8b5b38f391010585ad4d7cad160285e6ba6c5a2b17d5c6;10025239;10025239;R3;1;Teamaker Shop;G2;1;\"\";816-455-8733;5;S16;C
85b3a7f60bd9a7de63957e013100e37b19fab241e9dfada38dcc528353da259d;10024016;10024016;R3;1;Screen Supermarket;G1;1;M1;816-455-8733;5;S19;C
7292d5b3ad3468980b1cfa2ced053757eb977fde7ef594ff55c8467a856ddf93;10013079;"";R3;1;Gandalf Supermarket;G2;1;\"\";816-455-8733;5;S16;C
0dd96563920f73729f81323c64098be321e94d72dc15a7b5ac161a38708a4e30;10013052;"";R3;1;GammaGraphX Store;G2;1;\"\";816-455-8733;5;S16;C
050af49cb6fd1227a1dc5c43498e442fb24c062b4743350acfc5be05996b3b04;10020982;"";R3;1;Outsource Store;G2;1;\"\";816-455-8733;5;S1;C
68df6283b2782fceff066adf15e258aecfe43b11854462889be81b28cf6034ca;10005688;"";R3;1;Bien Supermarket;G2;1;\"\";816-455-8733;5;S9;C
a381a345b70d14b9bc334781ca3a087acfd42762ee21b907ddf361608c7ec21b;10027340;10027340;R3;1;Zentrum Market;G2;2;\"\";816-455-8733;3;S16;C
e3b397d2de6911884b4b32dab25eef8b0918b5fd334bc0a75fe10c034c36e47f;10027356;10027356;R3;1;Zero Market;G2;2;\"\";816-455-8733;4;S1;C
87cdb6e25110248f93e64b501a216e81fcea0f24fd84ea85675ac0746dc7914b;10000488;"";R3;1;ABI Supermarket;G1;1;M1;816-455-8733;5;S19;C
aeb4edc5032c4a42ae8f5d8c61aaedef02ce4103aaf105cbd607c8c708dddd4b;10025549;10025549;R2;1;UNIS Supermarket;G2;2;\"\";816-455-8733;3;S5;C
ff911caddd51899246753cfbebae36fc37ce17161b3e23726f0e343ed2eb0e1a;10011623;"";R2;1;Federal Supermarket;G2;1;\"\";816-455-8733;5;S3;C
286e77701fb3d1f5d204b67fd84fdebcffe2c4178f6ffbb30973b925ec6c607b;10011979;10011979;R3;1;FiberPlex Shop;G1;1;M1;816-455-8733;5;S19;C
cfdc718ffd091d9980b481e3828c49867a3adb62ba38f0dbc279355abdd737bb;10025037;10025037;R2;1;Tampere Shop;G2;2;\"\";816-455-8733;1;S4;C
fcca176b03edd3dd42d419f7735745defc227591d3ae87085169914bdc7c8a74;10002159;"";R3;1;ACI Shop;G1;1;M1;816-455-8733;5;S19;C
8fbb7e4a0a22616d877cc1198f3a4997fbccd0469f95020d34b807eb0594ff58;10000472;10000472;R3;1;Aaron Store;G2;2;\"\";816-455-8733;1;S4;C
9c04a8a31bf28ee9b707aa075bec6cc5ef638839054319e2072a13cf1a37a94e;10018628;10018628;R2;1;K.C. Supermarket;G2;2;\"\";816-455-8733;1;S5;C
5f856af15931bf3f242893cc937e9b0a4d0cb862b3902542c591d94aa2f03e61;10022444;10022444;O2;1;R.J. Market;G2;2;\"\";816-455-8733;4;S12;C
4918b10a5a99c4b650f31d0a8c11aaae4595d34bb6bf4ddd94c42addef985fcf;10017638;10017638;R3;1;Kellys Gigastore;G2;2;\"\";816-455-8733;3;S16;C
d4c6446c300e2ab11311daa202d9bcdb1e8edf699697545ac903a7c4b16e50e8;10025251;10025251;R2;1;Time Supermarket;G2;2;\"\";816-455-8733;4;S5;C
ee198daf134968d62d965702408508696162dce05f330774f1e65e7369ef6ba1;10025248;10025248;R3;1;Telus Store;G2;2;\"\";816-455-8733;1;S16;C
51fcd69aacc644a40d41e87b477a7fde8dadf9a174c3d1ac6f1aec56cff1a095;10024924;"";R3;1;T.M. Store;G1;1;M1;816-455-8733;5;S16;C
dd7f96e0f20b1c602c5fc8dc37868c046cc9314dc15b90c9a5a0d48ba497f995;10026023;"";R3;1;VEI Shop;G2;1;\"\";816-455-8733;5;S15;C
59cf4a4f663db5626b9de4b5833942cad65e36f535fbfa9e550ff86be921977d;10026294;"";R3;1;Wasabi Shop;G1;1;M1;816-455-8733;5;S19;C
409c782abcdfd119865fb2e1ced38e2924771adf3355b16f2d9faf5aba15cb4e;10021936;10021936;R3;1;Pink Supermarket;G2;2;\"\";816-455-8733;2;S16;C
d665b1a5d9edb6e62794443304190feb4523eae0f5ba8ba298d81fccdb6949e1;10011546;"";R3;1;Farrell Supermarket;G2;1;\"\";816-455-8733;5;S1;C
81a24490bfd5575d6a4c2250111c6965634a6299019a312d6efb450eb7819e0b;10027082;10027082;R3;1;ySecret Shop;G3;1;\"\";816-455-8733;0;S5;C
2075eeabcd89d5c32d07ccd05b5dea6f4dee16b9f7f4a83075165afcdcf7ab37;10001818;"";R3;1;Acc Supermarket;G2;1;\"\";816-455-8733;5;S16;C
86c1dcd16d949fac16c253f3b9ad724d28378b83b971129afa773d28316e2a6f;10023241;10023241;R1;1;Revnet Market;G2;2;\"\";816-455-8733;2;S11;C
2d893c9d72f2fdee6f8bee4fe6d319c8d24251f0f9c618cb8cf01576724c3142;10019665;10019665;R3;1;Labatt Supermarket;G2;2;M1;816-455-8733;4;S16;C
9bcec10115cdc5d12ba4662bb042ce3fa4b665a130bc49f5e2a74571d4fd5a36;10025036;10025036;R3;1;Tampa Market;G2;2;\"\";816-455-8733;4;S9;C
988d869a531fad4b9cdfe2f44045ed3e5b52bceb5a4d2f697cfee43e9aedc8db;10022490;10022490;R3;1;Racal-Datacom Shop;G2;2;M1;816-455-8733;4;S16;C
1296fd7acb1278ff25261cbd708a428df4d3e4a09088e83a4811c5866f01534d;10026521;10026521;R3;1;Xcert Shop;G1;1;M1;816-455-8733;5;S20;C
e3091fa30c7a22a41a0a080a03d748703bd422b85a2165e311c7d6d8c1616ef7;10012715;10012715;R3;1;Fokas Midstore;G2;2;M1;816-455-8733;3;S16;C
60200caa049009fb597b0f7d5ae67727ca1ff7366fc2d1bc20044828f38e8653;10021239;"";R3;1;PADL Shop;G2;1;\"\";816-455-8733;5;S1;C
d5a2296d38c1b346a5251396e75624b145091f1cc89ee628a47e7747e363fd11;10012128;"";R3;1;Fifth Supermarket;G3;1;\"\";816-455-8733;5;S5;C
0bd53d4233acdd2ebf23a5ff81d8b41c558dc7d19b7137d542d56c4fa3d8af44;10021736;"";R3;1;Patton Store;G1;1;M1;816-455-8733;5;S19;C
aa5afb2cf665a0a29a773bfec061b9452876a4c26c9361a3798644f6cb16e2dc;10020639;10020639;R2;1;NECX Market;G2;2;\"\";816-455-8733;2;S5;C
142cf6c32d0c2bc3d35b5aa4c8f1a83bb7af6df37f38322f6975cb46a024d76c;10025575;10025575;R3;1;United Market;G3;1;\"\";816-455-8733;0;S5;C
db5a999e78afc3e2d3224269186e5b9a0fce6cd3aef93812874f98b810f66650;10009676;10009676;R3;1;Pereras;G2;2;\"\";816-455-8733;4;S16;C
36e7dc80983edd25926e65c575059b7a03762266829cc46b3f2dbeb74d82ffe9;10021286;"";R3;1;PagePoint Shop;G2;1;\"\";816-455-8733;5;S1;C
9a1139c1f92aa6bf69e75c457fcbf22191a650eb5185cb772f0084898db34b80;10015030;10015030;R2;1;Hegemony Shop;G2;2;\"\";816-455-8733;1;S5;C
261169141b1b9b49a49efab5e958e2347ef315414d6edb9ef34cc58373d6c643;10018363;10018363;R3;1;Jones Stores;G1;1;M1;816-455-8733;5;S18;C
2bed0f44372146fe81b2d583755336f3be9997ddb4a54ef3d216977493ff4fa3;10002969;10002969;R3;1;activeDesign Shop;G2;2;\"\";816-455-8733;3;S1;C
b0a03d0209524c446e1ff55cd56eecdfc598347f6b3eb0dbc51ea84f333bd01d;10022687;10022687;R3;1;Ravenwerks Shop;G3;1;\"\";816-455-8733;0;S5;C
85c0d8fb8529ad3dd0f2adbd03cbab53f937c3b5558e517e38225164f39145a7;10025264;10025264;R3;1;Today Shop;G2;2;\"\";816-455-8733;1;S16;C
c90a21370a629f2b9aacc0f8bbb0fc6c44f25410df722a791298bfc6b398a95c;10016542;10016542;O2;1;Holy Supermarket;G2;2;\"\";816-455-8733;2;S12;C
c64a5417df658fcbc558b08b42b6e7dc7b7a167e2bc009f1aa06f83d9dcf2b0b;10023235;10023235;R2;1;ReviewBooth Shop;G2;2;\"\";816-455-8733;2;S3;C
1631b08c5cfbdbf6ba2cf44fd049b9c2fc55f3370a1cd6540c949c2b516e6ee7;10022167;10022167;R3;1;Quallaby Megaplace;G1;1;M1;816-455-8733;5;S16;C
d1284520d095a3619429a713b86c3c4ab20b29d2c0c356cddb3fc05c232be4fb;10025299;10025299;R3;1;U.S. Market;G3;1;M1;816-455-8733;0;S5;C
6c78fbe6a22fc60d6063d71624ad4bb9fca4a1fc9c275200c30d40e21ffd1017;10010832;"";R2;1;?change Store;G2;1;\"\";816-455-8733;5;S11;C
661e4387cba2288b0ac043a41b7a5df29225bafd5ae9ab8287e821b51011a604;10018623;10018623;R1;1;K&M Supermarket;G2;2;\"\";816-455-8733;2;S5;C
c0f85f3d5713ff86e42a84072fb7de049dc06a86e5f20f615e7ace95fcb01c4e;10023785;10023785;R2;1;Satyam Shop;G2;2;\"\";816-455-8733;4;S5;C
bad448221e89a9b4fd8f7eeeaa8e20690ca8f10245e9958666d41018e9ed0722;10025158;"";R3;1;Taskers Supermarket;G1;1;M1;816-455-8733;5;S19;C
264edc41e23723dc83d091897b6d8a85991c4c3e598534cc1a0cbd3c7215f86e;10023447;10023447;R3;1;RKS Shop;G2;2;M1;816-455-8733;2;S16;C
e92d12d85ba25567a9465974dcbc9dd0fc77a1796640ea0d0c8f9b4f1803f58c;10021300;"";R2;1;PageWave Megastore;G2;1;\"\";816-455-8733;5;S9;C
88fb5ac6900fbfc5081a032e77160fc1444b7351be19e9c859e77d7c14d61cc2;10026522;10026522;R3;1;XCOM Shop;G2;2;\"\";816-455-8733;4;S16;C
95c83038ac11d666b870ca200d6a60e4d33e17bbafea4d47261a0afaecdaaac8;10024725;10024725;R3;1;Stone Market;G2;2;\"\";816-455-8733;2;S16;C
3dd550f9cbc8b9539bd08b5fa28c4be91b1bdeb9cafed1ce89dfdf8d2d490088;10002140;"";R3;1;Accton Shop;G2;1;\"\";816-455-8733;5;S16;C
f03684dbb081fd7a6189cf1ddfefdf65aeecef195babff923cfa786bacb52d3f;10025242;10025242;O2;1;Teamsolve Shop;G1;1;\"\";816-455-8733;5;S1;C
a47e4689ff997048e2b49a1413b3180bb7d3f1816c08f1aa299436ce3eb2df6a;10025758;10025758;R3;1;UTStarGate Shop;G2;2;\"\";816-455-8733;2;S16;C
be699bf8098aaf766b91b82b5a4fdd5d6aeab42800a49a85903926547bc051d5;10006836;10006836;R3;1;Biz-comm Shop;G1;1;M1;816-455-8733;5;S16;C
5496a68248f0024e1fa1c5e8e7ff42ead015bf5b64d8ccd09d98f7c477086aa5;10013538;"";R3;1;GEAR Shop;G2;1;\"\";816-455-8733;5;S16;C
6eef2b814e4de0caef9c90e0ffd5313feb74a688ad6c6edd283a72525986cc39;10010935;10010935;R2;1;Edna Megaplace;G2;2;\"\";816-455-8733;4;S5;C
cf295a09a03eed6365599da2f8f4df32a4ba2a8c59ccf493e12fedecd2cd64f5;10024704;"";R3;1;Sterling Store;G2;1;\"\";816-455-8733;5;S1;C
1422fa5505f87826dac7e583a5205f57ffff0c3b2137eec4ea1c894960bf6e44;10019952;"";O2;1;Lobster Market;G2;1;\"\";816-455-8733;5;S12;C
95311cb03de98b976f1d0de40c58ced21463c963dde2470f5ffdb9fc80147b53;10014803;10014803;R3;1;HCHS Shop;G2;2;\"\";816-455-8733;4;S16;C
8457ffe477aebfaf608ff2e0e2c91214a403b0db54e569f7a3f07e8930723fb3;10009660;10009660;R1;1;DDR Shop;G2;2;\"\";816-455-8733;2;S22;C
9ef902bb2a530caeaebb1a2494f901c93dde78c21fad524cb3b8bdb639b68b71;10023780;10023780;R3;1;SAT-SAGEM Supermarket;G1;1;M1;816-455-8733;5;S16;C
e4219e0f9b5edfcd61bd0e7f0d6c481cdd3788de50fc5fac58bf907a748d149c;10009885;10009885;R3;1;Degolyer Supermarket;G3;1;\"\";816-455-8733;0;S5;C
353143b3ab907b0ede69759b84c74adaf501896b7ca2aa0ecc0d86637947c5c7;10023495;"";R3;1;Safe Shop;G1;1;M1;816-455-8733;5;S19;C
9793f2e5a5d3ea6f35220ba11841a0b71fc24ea8294d4ada63b51bcbfdfaa021;10002144;"";R2;1;ACCUCOMP Shop;G3;1;\"\";816-455-8733;5;S8;C
7d21fc9f8c2e9b36dbd4b6ac65815ade4cfa3d8b2a2ba2654b2b4f46c7a09f30;10009356;10009356;R1;1;Central Supermarket;G2;2;\"\";816-455-8733;4;S11;C
d9dc538e5fe03ab2ef88e8fc389a7b33731937ef004f1a7731e82cbd09edf103;10010887;10010887;R3;1;Edia Shop;G3;1;\"\";816-455-8733;0;S5;C
285bad88dcbbf9198b7d779161c142b68e68baebcf759892f5a8a45b17bb08d8;10009672;10009672;R3;1;DEAC Shop;G2;2;\"\";816-455-8733;1;S16;C
0f1874296d306273bed2148bbc1be6dad3863af22410349b4fc4d2690c074c80;10013899;"";R3;1;Grumman Market;G2;1;\"\";816-455-8733;5;S1;C
992ab3adfee594bdb095c9db688112aaf9efd9cd1fabe533b05f9b76e74d69e7;10013080;"";R3;1;Ganymede Shop;G2;1;\"\";816-455-8733;5;S16;C
61af20d71d948e304a83bc093497bad49ec25a10ad6a79b475329ae57e142a95;10014546;10014546;R3;1;Hauppauge Supermarket;G2;2;\"\";816-455-8733;1;S16;C
24c5e84a97efa5a2dfc24181f5f1e9bbea6ef09264e3eacf20b1a966d0262fb0;10012305;"";R3;1;FIND/SVP Shop;G2;1;\"\";816-455-8733;5;S9;C
818a6cd9205d8acfa3b06bd40901fc20e5bb8cf30733f962afda260a07ff308c;10007566;10007566;R2;1;Cambio Shop;G2;2;\"\";816-455-8733;4;S9;C
24902e90fb2675dba297c4b8fe278ed4502b8d46ac7601fa662db6a17038a7ea;10011018;"";R3;1;Eloi Supermarket;G2;1;\"\";816-455-8733;5;S1;C
9b656c248e35baba953e03192723987dd26245f3654ad9cc4991a4fec8dea2e3;10011052;"";R3;1;Elucidex Shop;G2;1;\"\";816-455-8733;5;S16;C
e4766c60f0e4f09c7ad37e4f149a339e1aedf78dbf927938c27121a7f5b64efa;10009623;10009623;R3;1;Chas Market;G2;2;\"\";816-455-8733;2;S16;I
4ea2d6bb451899fddc53263f6886dc1eee1068ff7825f29e9610e37a8c6d416e;10026299;10026299;R3;1;Watcom Maxistore;G2;2;\"\";816-455-8733;2;S16;C
8cd98f14d78468ff981e0c0398c5928a1cbe96cfe273083501fb7a07c670f94f;10015824;10015824;R2;1;Heurikon Shop;G2;2;\"\";816-455-8733;4;S5;C
57e87eda8876ef4e3de4f979723f9d02bf6d6ab7ceccc6624884fd51d4004493;10020080;"";O2;1;Lucky Shop;G2;1;\"\";816-455-8733;5;S12;C
c6dcfcf8b6f6dd4203a4b5c995c1ed30114b194608b9c16c36b08877d550226c;10013061;"";R3;1;Gammel Group;G3;1;\"\";816-455-8733;5;S5;C
fa48a61bc6f0145e64b763889ab9f3af6a9a408c91ce9a95385a8c2eb4240c74;10014238;10014238;R3;1;Harbor Store;G1;1;M1;816-455-8733;5;S19;C
fe57f68d849d306884f891a38cfa64203c971fe03f3d54487239a3dc593076dd;10026009;10026009;R3;1;Vectrix Shop;G1;1;M1;816-455-8733;5;S18;C
f3bd41262b8ac712b8f7ee956b3b3ebb9783af1a3609992883c2adf93fa3b8ce;10025039;10025039;R1;1;Tandy Superstore;G2;2;\"\";816-455-8733;4;S11;C
b8b352bcc8c24852d40fe0f7795e89705b832deeb93d7d7d26b72dc568765f78;10019194;"";R3;1;Kerite Company;G2;1;\"\";816-455-8733;5;S14;C
81a66895165b1ffa72669f09c6a1e865be8318d4aef6874578feff1ba36cb309;10013426;"";R3;1;GDC Shop;G2;1;\"\";816-455-8733;5;S1;C
88e4be36978a51e3a4c9da2d75e937123e3da93a6ae8e010ccaa1d4067938fce;10025033;10025033;R3;1;Tally Store;G2;2;\"\";816-455-8733;1;S16;C
fff6a3d77cdb523379ac9ab4178146613a481a69fcc067b0c51525c2e208c90b;10014802;"";R3;1;HBS Shop;G1;1;M1;816-455-8733;5;S19;C
6812776722e9c786f1a4875a6dd3855e83abec78ee321a3b8f476024bd2bb259;10012885;"";R3;1;Gainunion Shop;G2;1;\"\";816-455-8733;5;S16;C
debf7e13e8e3f13196a49fffcb65d8d70666d5a23a2a00ae73b910c5aa160b5c;10021472;10021472;R3;1;Parabole Shop;G3;1;\"\";816-455-8733;0;S5;C
c5015d58966b8032e74cd2e9b7bade7ae33d6c628118103b7a8babae4886e14c;10006093;10006093;R3;1;BigJobs Shop;G2;2;\"\";816-455-8733;4;S9;C
f9123eedea164eeeccc5f9b32719e2d6dd3346c23ce6281202fe10e8b10cc1fa;10020864;"";R2;1;One Store;G2;1;\"\";816-455-8733;5;S1;C
cd8db7776961157530d494cd21ca5138b4e7e84b57427ce0d68a294e69b97de7;10011521;10011521;R2;1;Farr Market;G2;2;\"\";816-455-8733;2;S5;C
9b9d86a1f85e10fe45f016bbfc2f4fab53fe0bade87cd056a55e7b7f8ac706f0;10018352;"";R3;1;Johnson Store;G3;1;\"\";816-455-8733;5;S5;C
95efbf8853a675c0d6a17812490ea06e264e1b1d7c8ce86fd7cafcaa6edafa5d;10013188;10013188;R3;1;Gartner Supermarket;G2;2;\"\";816-455-8733;2;S16;C
0b3afa4cdbb5be3c851ab3ca16787fdb35e9b4dc30f521ad8b500921c92a784a;10025025;10025025;R3;1;Taligent Midstore;G2;2;M1;816-455-8733;1;S16;C
4e97c0883a2c5cebd3a88010b1f4081dab80a852cc6ed4693bbc4469e05fc0b8;10002746;10002746;R3;1;Active Supermarket;G2;2;\"\";816-455-8733;4;S9;C
c2f8ddc228f8a059fc57ce563f341f482eef4295ddf4d54bec42334dbc8d12e2;10000460;10000460;R3;1;Meals Market;G2;2;\"\";816-455-8733;2;S16;C
c1e9e163c928307752d9b25aa4607ec008e3bea2de4d0bbfa6a4430b0c70425f;10020184;10020184;O2;1;Matradi Megastore;G2;2;\"\";816-455-8733;2;S12;C
10e8e9be8c60faa25837390344b8b3284ea9ce0726ec76cad817e5d4f6befe74;10018885;10018885;R3;1;Kawneer Market;G2;2;\"\";816-455-8733;1;S1;C
b5f9b21f4baa385a8dfdabef4c7823700b325e7960ad5924777bbc4008a7b724;10024034;10024034;R3;1;Script Supermarket;G3;1;\"\";816-455-8733;0;S5;C
e0c87b50f9c48d50ac85a6823b3e957fc7628cc5a77b0c5cbd8a2c19dc614182;10019105;10019105;R3;1;Kensington Market;G2;2;\"\";816-455-8733;3;S1;C
79c7db7d2bea80b26a40ac85c03ed44795db381964f96fe2de7c8d4e3375f53e;10011724;10011724;O2;1;Federal Supermarket;G3;1;\"\";816-455-8733;0;S1;C
ab56b50d10ae849262efdff46a9f5e9f3fc2b5cb48b3b2e10cc48cbd90b74052;10000499;"";R3;1;ABSolute Shop;G2;1;\"\";816-455-8733;5;S16;C
ce3a6e57222930494feb0f269af075e67b59451be35d30b8d66f9d172461b286;10020393;10020393;R3;1;Minneapolis Supermarket;G2;2;\"\";816-455-8733;1;S1;C
6a9280a673d14f28c59fbcffb6c0ee16b73f92ed7404632f5e938c93eb0102a3;10025285;10025285;R3;1;Transalta Store;G2;2;\"\";816-455-8733;2;S16;C
1d6f29bc4a38e69144c08289f9a3ff2cb66350f44cdd436b8aba7fda012f3e19;10003720;10003720;R2;1;Age Shop;G2;2;\"\";816-455-8733;3;S5;C
03f4294d78f03ace83cd2d898e98ed06799e0b7dc2932093b7e44f42c5156e50;10015253;"";R3;1;Hekimian Store;G3;1;\"\";816-455-8733;5;S8;C
d086da749be82857cce2de3a032e9e9b344521cdb070e429efee141ae9aee9ee;10024010;10024010;R2;1;Screaming Market;G2;2;\"\";816-455-8733;4;S3;C
e73c629517c5dd8eb11ef927b187dbb943c15c72851f26ba4a9b9e52c5667dd9;10024915;"";R3;1;Systems Store;G1;1;M1;816-455-8733;5;S16;C
e3b0c44298fc1c149afbf4c8996fb92427ae41e4649b934ca495991b7852b855;"";"";"";"";"";"";"";"";"";"";"";""
e27685a2c737318c8b8b72f10c975baf467b9d68caba5bc9a952dc3a6872b000;10025052;10025052;O2;1;Target Gigstore;G1;1;\"\";816-455-8733;5;S1;C
7488a1440ad31937cc036c6107ee51117137e3eecc7146b08a41a83758b2dd74;10011734;10011734;R3;1;Felidae Enterprises;G2;2;\"\";816-455-8733;2;S16;C
8a367e1731b6959a40688c9cb59b88d4cf14044c5102bd1e381aaeb1a8a7c25e;10017553;10017553;R2;1;iLanguage Shop;G2;2;\"\";816-455-8733;4;S5;C
bf281cb69c3c677286ad35e08114b27cd2bee7cd27c305e4b8cd105de43d3666;10024541;10024541;R3;1;Southern Supermarket;G2;2;\"\";816-455-8733;4;S9;C
d7c439b35a324f7229e1edc27c06912dfdbe4dc2b87aae647adb10e15e0a8edb;10011360;"";R2;1;Equitable Store;G2;1;\"\";816-455-8733;5;S5;C
ebc0be7dd416ef629536691cfcd91d9437572f1ba2677af41c73d1c76628eb21;10015325;"";R2;1;Helius Shop;G2;1;\"\";816-455-8733;5;S5;C
40044af4a2a264f003269d7dd7bd4383898337bf491d2c738aae4320eda70e3e;10019469;"";R3;1;kGS Shop;G2;1;\"\";816-455-8733;5;S1;C
caf0ea898439e5ab9be3ea830d543632e2e50a2d48dc033fc8a033022dbc43ef;10025287;10025287;R2;1;TransCanada Store;G2;2;\"\";816-455-8733;4;S5;C
d81a7a013d27b778e9353ad6de6c012f7f0af2a476e78eacc64208bbfa8e5057;10000473;10000473;R3;1;Aaron Supermarket;G2;2;\"\";816-455-8733;1;S16;C
072183235e17e2cd25c54fbcfc3fda1146319d469686d2a03085e323df86a88e;10026334;"";R3;1;Wayne's Market;G2;1;\"\";816-455-8733;5;S16;C
d8641e24dcd2288ac6979b1161a96cfb148904517d39964caf0baee5c43adce0;10024003;10024003;R2;1;Scientific Supermarket;G2;2;\"\";816-455-8733;1;S3;C
d7fc18607663d36373fc9a962d419a3186d9f4631ebb8583048bb0a59104e272;10004256;10004256;R3;1;Benedict Shop;G2;2;\"\";816-455-8733;1;S16;C
10192637ea474fb05cbebc50aa54174d0e9b84be2ffff0a91ceef7f1ae774ae3;10007866;10007866;R3;1;Camros Shop;G1;1;M1;816-455-8733;5;S16;C
26dc242eec36b0fb299737eff1f52bae7221e4618c218b7e103f8c8407063c6b;10020927;10020927;R3;1;Outbreak Shop;G2;2;\"\";816-455-8733;4;S16;C
96b9c8f204701943b4c4bbaab4fd7aad744d8f3e9af103445aa1423a19ef5e61;10025249;10025249;R1;1;Texasgulf Market;G2;2;\"\";816-455-8733;2;S11;C
99fa093928a3fde51c60476d30dbde05c036d3dc4cab912a70462edd21727721;10013039;"";O2;1;Gamma Supermarket;G2;1;\"\";816-455-8733;5;S12;C
37373acec0af93cf53c8e58d8d4dc25299221bfe2524fdeadf145158f04f7c33;10019897;10019897;R3;1;Livermore Store;G2;2;\"\";816-455-8733;2;S16;C
68bb5a290e018d57fdb42a7b8a760380a11eb873d7359c22854627241ca46218;10017307;10017307;R3;1;Idyll Store;G3;1;\"\";816-455-8733;0;S8;C
fbe396c7044d3e0989b585b7fb6771b846cef7e6c989a12caa0ae6cf807c26b8;10021411;"";R3;1;Panix Shop;G2;1;\"\";816-455-8733;5;S4;C
4634e2bfc4c293e16df68998899f46755e5bec2b79a28c656ea3d991bb30af66;10009645;"";O2;1;Day Market;G2;1;\"\";816-455-8733;5;S12;C
d54d4be06289548a119ba5b79a45094b8bd846c157c30bc63cbe56a6a89cfa58;10027370;10027370;R3;1;Zeroo Gigastore;G1;1;M1;816-455-8733;5;S19;C
6f1a4e56722c49aace7d938fd9f5601747086048713a1e78fd307ee6e670e05b;10000486;"";R3;1;Aberdeen Shop;G2;1;\"\";816-455-8733;5;S14;C
cbdffa7933a5fa312bdafea73ce77e22e927fa82f349618137103c7ff6e42058;10020491;"";R3;1;Nbase Shop;G1;1;M1;816-455-8733;5;S16;C
711189541a5cb859982f6fc4bed1587f3702bec8b6056cb268f0fe731468a894;10026348;10026348;O1;1;WDND Shop;G2;2;\"\";816-455-8733;2;S5;C
c4e22077d0ed6f3aac9b09161347b62007fd8494f14d7c6e8f9baf467e12a050;10021422;10021422;R1;1;PAP Supermarket;G2;2;\"\";816-455-8733;1;S4;C
690ae271d191c995f672c51d5787b7ffb078c3c6637069a63985c2032606783a;10000471;10000471;R3;1;Aadast Shop;G1;1;M1;816-455-8733;5;S19;C
9867db1e4c7dea1d2ef034881d2c237e0fd5246c4aee2bbef4030b9dae4389fa;10017585;10017585;R3;1;Ilog Shop;G2;2;\"\";816-455-8733;4;S16;C
200ae393835d9efb318360b603028172517b1cc80d396eea75ea95f96707b5ab;10017852;"";R3;1;J.A. Supermarket;G1;1;M1;816-455-8733;5;S19;C
d36924ac079857abd1111cf3a7cc217bfa03281d8dc9c434652d84703519a5ce;10025269;10025269;R3;1;Toledo Market;G2;2;M1;816-455-8733;4;S16;C
c5125a8b102621ecf06650e25f51ff02b94ae7625f50ac89a04b909465a32446;10022962;"";R3;1;Reflex Store;G1;1;M1;816-455-8733;5;S19;C
6892c7348e08cc6b59e900817b5ac735330c7dd02549e914553b0ad6b299f6cd;10002244;10002244;O2;1;ACS Market;G2;2;\"\";816-455-8733;2;S12;C
7bd0fef61827357f9e7da8b33af2115c17f39c40c6175e9cc9cf9e7b554de7c2;10000466;10000466;R3;1;A2Z Store;G2;2;\"\";816-455-8733;1;S16;C
2086b2eb9602580224f3a5eb3ea9c06e41d04d48d0e1c546a3d166355919120d;10025305;10025305;R3;1;Ubicco Shop;G2;2;\"\";816-455-8733;1;S16;C
f369c617e26a58524e146d774ada037eb348a2234f1dbbaf078a4ca19841c1c5;10022750;10022750;R3;1;Ready-to-Run Shop;G2;2;M1;816-455-8733;4;S16;C
696ff15363d3709533799934c277f7f0537fe1214d6f455f9942e7b25b8bf3a4;10006846;10006846;R3;1;Bizmarts Shop;G2;2;\"\";816-455-8733;1;S1;C
81d0337f18fd53a98063fd40a8cf7223d7b40c7d399a4a81de2a291a87f80b56;10020413;10020413;R3;1;Molson Store;G2;2;\"\";816-455-8733;2;S1;C
88778e6b54b1f83c720738abd42f6bbb1eb4a0852b1fb9cea5ecf8942872002b;10020515;"";R3;1;NBX Stores;G2;1;\"\";816-455-8733;5;S1;C
f878ec9dc0654c7a72f843810c6467b00f2977af341db748d9ee733648fa315b;10019410;10019410;R1;1;Keystone Store;G3;1;\"\";816-455-8733;0;S2;C
0bfb5780f855d871ff01fb28524b49220d0ad50622156032b13f718c68a091c0;10026268;10026268;R2;1;WarRoom Store;G3;1;\"\";816-455-8733;0;S8;C
55b4d50e16903614de232e38db2b75a73a942e6c4318ffd6963e8be467575f31;10006805;10006805;R3;1;Bitstream Shop;G1;2;\"\";816-455-8733;2;S16;C
e25bbe4d121c373670fe2d3a80076a6fdd4f2f68aefb4b787ac77b82f057d930;10021380;"";R3;1;Pangaea Store;G2;1;\"\";816-455-8733;5;S9;C
6d95e87e53a6408580647db8a12bce41e80a08542d9cb02301be5df91b57c796;10015275;10015275;R3;1;Helios Shop;G2;2;\"\";816-455-8733;4;S16;C
41b0f21822d18e5452749c9bbed8ad00373c23b74d588de1d9364e31d0c97db5;10024477;10024477;R3;1;Smith Supermarket;G1;1;M1;816-455-8733;5;S16;C
fb7aa0759334ceff0a0ab43074eab814733546dee74af1f8a2168ef31c13e6e1;10025051;10025051;R3;1;Taos Supermarket;G2;2;\"\";816-455-8733;1;S16;C
d54c50a5f7ac5219f479e0496b0adc899c1936377a1ebb124c5491e2ddbd5992;10025252;10025252;R3;1;Times Store;G2;2;\"\";816-455-8733;4;S16;C
f8467c3ab0989d5fcc47e0b7f2d51207c997b5988fe220b0a9d9a093a32092b8;10003749;"";R3;1;Associates Shop;G1;1;M1;816-455-8733;5;S19;C
27480ad7cbde0a9bb46b948388b38fbfd86ad80007be3e8701c49d667b77697c;10022423;10022423;R2;1;Qwest Shop;G2;2;\"\";816-455-8733;4;S5;C
d8243b4347c4f18678575f92725e89b7e3623fa94ab041425cb4fe448c9a29de;10015783;10015783;R3;1;Hershey Supermarket;G2;2;\"\";816-455-8733;3;S1;I
beeddcb01cbaef63c661d80017a04feb0d053edb8aaf50d181078ceafa996284;10002240;10002240;R3;1;ACS Shop;G2;2;\"\";816-455-8733;3;S1;C
113f6537e0f4f148df978e071e8eba2dedc9f292f1b9f796eafbebec2c864369;10009642;10009642;R3;1;David Store;G2;2;\"\";816-455-8733;4;S16;C
6fcaf4e475a49dfd433cc41d6c38fc700fdbb001c8234bd11d9290d76f2eff1f;10013332;"";R3;1;GateMaster Shop;G2;1;\"\";816-455-8733;5;S16;C
be16c06272c79cdeb123b3b40cade40afaaba0a81560d1e25515a1ed5159299f;10026532;10026532;R2;1;Xediom Shop;G2;2;\"\";816-455-8733;4;S5;C
1e00463ca2517bf621b4b1de1b0e0e4d28e267d4acb05e1209c97f6b15d0f379;10010906;10010906;R3;1;ediSys Shop;G2;2;\"\";816-455-8733;3;S1;C
014df0906eb0840e4a465b951777a43320371687b614efa923fca420193065ca;10025034;10025034;R3;1;Talou Shop;G2;2;\"\";816-455-8733;1;S4;C
ac9eda6b3a845c3a8749328a9cb9b3e895868ea4e1efdbbd1a345ad92eba3695;10021160;"";R3;1;Pacific Gigaplace;G1;1;M1;816-455-8733;5;S19;C
4eed9ad3dee85b8c7a83c13aa6e70ed4ccc6cbf49a0cac50a24bdf408015845b;10000469;10000469;R3;1;A-2-Z Supermarket;G3;1;\"\";816-455-8733;0;S5;C
d5ff459d599ebea528b7e9288d3416bd6a6eb54b6d96488de1f4e35b70c2216b;10019109;10019109;O2;1;KentISP Shop;G2;2;\"\";816-455-8733;1;S12;C
0926c8d3b91141db98a0b2a10f9729415e9d0d3ca4f09888026ef64998ca4ac5;10024524;10024524;R2;1;Southam Supermarket;G2;2;\"\";816-455-8733;4;S9;C
eca940f0dc2e89c7fe942031af845533cad55799032a1ec2ae034e2ed5fd181f;10023524;10023524;R3;1;Salias Gigaplace;G2;2;\"\";816-455-8733;2;S16;C
c21a8fb57d7599a6d11b473837d095f65393792a6c3ad35578c0e28504c20955;10009650;10009650;R3;1;Dayton Store;G1;1;M1;816-455-8733;5;S16;C
adb3f3251f45a821af8ec5bbfa799840fb6c44270da18d3cf7f585f1545083d7;10019388;10019388;R3;1;KeyComm Shop;G2;2;\"\";816-455-8733;1;S1;C
1b560cf170dd9f0da824c93946a3af1fa115c50354f5727dfb666f052d76b1b2;10019664;10019664;R1;1;Koppers Supermarket;G2;2;\"\";816-455-8733;4;S20;C
dad4d493e7d6195ec88660726ab3b370f7f224210e120077ea2b0ab093c5b5df;10002412;"";R3;1;Acsior Shop;G1;1;M1;816-455-8733;5;S19;C
3b0d2c340692c2d94060ad31169be4493babd0364ac5e77522fd342b018b55f2;10012328;"";R1;1;Finder Shop;G2;1;\"\";816-455-8733;5;S5;C
595213f2b2d9f050494736ddd0793fde5ff58240d50e618b601192cc54f03c80;10005861;"";R3;1;Big Supermarket;G1;1;M1;816-455-8733;5;S19;C
d27756012239f4dec6955bbb28a9cbbfe5d1533b8fe6b4f400d198acec36fc70;10021996;10021996;R3;1;Pinnacle Supermarket;G2;2;M1;816-455-8733;3;S16;C
97dd5cfac2e8d2f8a537168f582f560d9e08d075d87aa5b174116a410cc11f55;10024006;10024006;R3;1;ScotGold Market;G2;2;M1;816-455-8733;4;S16;C
836ef8bbe1826761eeeed87a89e3b79dce01801ee6a594ab29bfc23f1a67fc84;10017036;10017036;R1;1;Icon Superstore;G2;2;\"\";816-455-8733;4;S11;C
f3247d5a327ee755c5100375a6c987654aec620f83263212f99375e72b4add56;10012927;"";R3;1;Galaxy Supermarket;G2;1;\"\";816-455-8733;5;S1;C
cf5369bba1c1ad67c4f52050529f4885f9f80a4c6c3efdc89ddcba7727f1bb9b;10021750;"";R3;1;Paul Store;G2;1;\"\";816-455-8733;5;S16;I
bb68c84576d7a5924a082e745f283a35ab3881c2847834e98a958f4d8590bb13;10002149;"";R3;1;AccuLAN Shop;G2;1;\"\";816-455-8733;5;S16;I
d6a4d8324c4bccebaca9e18b6642517542955ee252a37e2c8f7fb7cfdf56892b;10010897;10010897;R2;1;Edify Shop;G2;2;\"\";816-455-8733;2;S2;C
fd5f667424efb9eb164e449f1d21d6c849f22fa5093084a7a98f3e8b0c2454ae;10026868;10026868;R3;1;Xyratex Shop;G1;1;M1;816-455-8733;5;S16;C
c12d9de6ab03645b9dba248f97f18458251956cdca5b9953c7c1bac69da0a9be;10005376;"";R3;1;Bibb Store;G2;1;\"\";816-455-8733;5;S1;C
31948201034d9849895deef10c9b4bb638f9e4d145ecbfc91c61cf898c5483ed;10026581;10026581;R3;1;Xetron Shop;G2;2;\"\";816-455-8733;2;S16;C
6f46b361b656cd8645e6959f2569b2ae0b4c30f65797773c1695590ea4a8bd3c;10025061;10025061;R3;1;Target Store;G2;2;\"\";816-455-8733;4;S9;C
3d9de9ebbb8a51408da1fdbf5f6374f1f14a4c1c1eb781eed58261d1cc18db8b;10000457;"";O2;1;A&G Shop;G1;1;\"\";816-455-8733;5;S1;C
c377742dd7fd8af23cb3944c9b4417c8ad265e2f17842567093bdcee4f0c2ff5;10002489;10002489;R3;1;ACT Supermarket;G2;2;\"\";816-455-8733;2;S16;C
ff286d176329bec9530859e823ae1e52471789e31c281e53b160eb03c4362aeb;10021203;10021203;O2;1;Pacific Market;G2;2;\"\";816-455-8733;1;S12;C
d991c08675ce3be9e63ac308a4df4fff477e33c424553d7df25b04c4ae1aaa79;10021240;"";R3;1;PAGE Shop;G2;1;\"\";816-455-8733;5;S1;C
a2e0b42afa70c35813c48be3871d8763f0e53ef38c98ce88f4d6f499547cf362;10022978;10022978;R3;1;Relcom Shop;G2;1;\"\";816-455-8733;5;S16;I
029cff7e9b5435e269e7b156ce1005f1c40518ff4cbee300f5631e6e7e5a9ec1;10016334;10016334;R3;1;Hobart Store;G2;2;M1;816-455-8733;4;S16;C
574190f452e2d8c763c03e230c8616f4e8bfd213579978ed496ebcce1f2be361;10014043;10014043;R3;1;Guarantee Supermarket;G1;1;M1;816-455-8733;5;S18;C
81e98503ac8f122e41ab7425b4972e5337bcc590da45be61050d972c22f56379;10002709;10002709;R3;1;Active Store;G2;2;\"\";816-455-8733;1;S1;C
3378b6955ed422fda51d13f7491763ac14afe5d74391615fc3ac23df816078ba;10014471;10014471;R1;1;Harts Superstore;G3;1;\"\";816-455-8733;0;S2;C
d808837094a3c08e8653b07cf418df7f06238450b495930c57b8d1e67b4f7ee0;10025032;10025032;R3;1;Talkland Shop;G1;1;M1;816-455-8733;0;S19;C
6c71b7e169e7da34c0109626fdaa9da992bb05e472b785390c2cf28290ac3876;10002128;"";R3;1;Access Store;G1;1;M1;816-455-8733;5;S19;C
80d068c5810a8386dac7750b07360d9ef4718ac760631843c04759fa3866a504;10025247;10025247;R2;1;Telesat Supermarket;G2;2;\"\";816-455-8733;3;S5;C
ae3bcd71efd71d1697d2b9c96397a076818c3ec9a1cb6175c25f3efbc6e2a430;10005099;"";R3;1;BF Supermarket;G2;1;\"\";816-455-8733;5;S16;C
af801e62c2f5b7bb6b34dd60c8dbbec2c7f8440d3d502218556de14f531966dc;10025418;"";R2;1;Ultra-Image Shop;G2;1;\"\";816-455-8733;5;S3;C
ea7bb4886d2d0a0a481f08fd40e8762f2b32012284db82b0586ea849bdfc95a3;10020907;10020907;R3;1;Onebox Shop;G1;1;\"\";816-455-8733;5;S16;C
8c083f69160aaea570ab1ae1920f781b08721566757e608d49b93b8e572abb03;10019400;10019400;R3;1;Keystar Superstore;G2;2;\"\";816-455-8733;4;S1;C
7e20b50c87bfaba963a83e7b804c6932a0442d0aee0be01bdbad2ce42efae817;10023513;10023513;R3;1;Sagent Shop;G2;2;\"\";816-455-8733;1;S16;C
631a407334871fe5c1cca318705abf24d1e99451f3ef28213b7dcda1b6969b52;10026355;10026355;R3;1;We Market;G2;2;\"\";816-455-8733;1;S3;C
1a93d5930f2e47fd6d1275bf29fb90f7b75d5cc89ddf8c7ef4d01e11f5a35ffe;10007122;10007122;R3;1;C Store;G2;2;\"\";816-455-8733;2;S16;C
c9632720035407ad8f27c4d0b940a08c77c78c7c684c610c9de897f6fb083bba;10011499;"";R3;1;Farmland Supermarket;G2;1;\"\";816-455-8733;5;S14;C
7932578417cc4cdbf4b97f545638d34541c4e18e6a3d7c271abac47ecb6e83a9;10002765;10002765;R3;1;Active Store;G2;2;\"\";816-455-8733;2;S16;C
55dcc111ca9cbfbb2246d0206ceba249ee7d057858660fe98d614689586cf5a7;10020281;"";R3;1;Mb Market;G1;1;M1;816-455-8733;5;S16;C
4c4f0baa34a3d1be2b1452ea6719d41bccb42eb715efbd98586f76158676b6b4;10014469;10014469;O2;1;Harte-Hanks Market;G2;2;\"\";816-455-8733;4;S12;C
c69845768f311b31d3601fec76537343968be266bf34429455389be9be876464;10023516;10023516;R3;1;SAIC Supermarket;G2;2;\"\";816-455-8733;2;S16;C
f98037bc96e6d06e4de8719b012c16ba6ec906bcb129bcf7f2e6739e9954f0b8;10026336;10026336;R3;1;WBM Store;G2;2;\"\";816-455-8733;2;S16;C
8ab19273f49152ff7fb44a7a9fe6a45e4a9fcf84dbba5e2d6d00e894bf70ddcc;10025021;10025021;R3;1;Tailwind Shop;G2;2;\"\";816-455-8733;4;S16;C
e9b5fda1e5d862429dcba88a035f7c65826e713745521db4b35c9dcf787ce498;10022434;10022434;R3;1;R&R Store;G2;2;\"\";816-455-8733;1;S4;C
cf46b04bf74724c3dd63794847dda3e741bed0c90ec2fda5fe91bbd3f020a109;10011732;10011732;R3;1;Federated Supermarket;G2;1;\"\";816-455-8733;5;S16;C
c4c4151ef7f1852d5d55548336265aa1da51d34b9c659db3fee04202adab2eb6;10000480;10000480;R2;1;Abbotsbury Shop;G2;2;\"\";816-455-8733;1;S5;C
111747a90806093e7d1b52216637cb8a807beadbb13c0de6bbf95e8917148f24;10027381;10027381;R3;1;Zero-Knowledge Supermarket;G2;2;\"\";816-455-8733;1;S16;C
66559b02a07263e762404f4ed079bb7227d351f56cf238e1bedc742803b7aacb;10025291;10025291;R3;1;Trend Market;G2;2;\"\";816-455-8733;4;S16;C
ec8541f11a6f8ae93db6d2cb60e3c35e41578e85b8bc0ed1df10a2ec5e25125c;10023760;10023760;R3;1;SataMine Shop;G2;2;\"\";816-455-8733;3;S1;C
cfb57d523144a7ef5a5bb75cca938772b0739c279552d4d85621da5dfc1a7f49;10012851;"";R3;1;Gailey Market;G2;1;\"\";816-455-8733;5;S1;C
9eb0381957dc25531e275d02d87bc58e15590aeec5cb20f8ce7afa735fd08c74;10023003;10023003;R3;1;Remedy Shop;G2;2;M1;816-455-8733;4;S16;C
a39c8ef4c41b0671e683d2626a28192439727bb62f71b3ada4ce510152ac2271;10026560;10026560;O2;1;Xentec Shop;G2;2;\"\";816-455-8733;4;S12;C
a068a61d52fb64bc6c3b4f49d61d0ebf1db2220bf5edb5d5c4171c5ac8bc4ef2;10025304;10025304;R3;1;UBF Shop;G2;1;\"\";816-455-8733;5;S16;C
db08797dab28f0ef9dd60cb411843594498b9285256acfbc78c68134108d5ec2;10013870;"";R3;1;Greymac Trust Company;G2;1;\"\";816-455-8733;5;S1;C
72714234dcc09f0b4bf1c1b4b0a671b32bae8a75605e16dad775eb03db672cf4;10009633;10009633;R3;1;Dan Store;G2;1;\"\";816-455-8733;5;S16;C
8150762636f9381beb0cd3d9268dab60b271b7fcf64a117d970084712a6f70e6;10009647;10009647;R3;1;Dayton Supermarket;G2;2;\"\";816-455-8733;1;S16;C
606df851fc6580f04b6bf5d90cab856f051a075d47f81ff57f6e0aecd09565b3;10002139;"";R1;1;Accrue Shop;G2;1;\"\";816-455-8733;5;S11;C
2dfc3d0cba5e5bbb43cc0fd0c8e77d0d1d3ad83f912955723b37321f95e4494a;10010914;10010914;R3;1;Editor Shop;G2;2;M1;816-455-8733;4;S16;C
21316e81ba60d1aea528c28052976b6282e1c594ed1c4cdbb62933f6d7d0eee5;10021305;"";R3;1;Pallister Supermarket;G2;1;\"\";816-455-8733;5;S1;C
073e33554745f61b6c65896f7a438c78d29f23cdf00a55211eec501656fcb93e;10006037;10006037;R3;1;Bigelow Store;G1;2;\"\";816-455-8733;2;S16;C
b3ef04af75ff804cdf56b0a94a92891fb003a38ff5df68d1a4d42138df39ac68;10021270;"";R3;1;Page Market;G2;1;\"\";816-455-8733;5;S16;C
867a958858761825e5db30c5620de56304e25165ac290eb28420d9c985f348c6;10011093;"";R3;1;EMC Shop;G2;1;M1;816-455-8733;5;S16;C
54af670a3121e476fa9a899818538ee042afd414f2aca81003aae464c3e9d864;10025919;10025919;R3;1;Vanstars;G2;2;M1;816-455-8733;1;S16;C
5c41935b426e52e695a0b31ab9f10ca36d4ce63b56b38398580090e0b07c6039;10009657;10009657;R3;1;DC-Works Shop;G2;2;\"\";816-455-8733;3;S16;C
b3a4d0dcecaeef9132499c2f22e70cd405427a17b400923189d7199f8a789e9d;10025238;10025238;R3;1;Team Supermarket;G2;2;\"\";816-455-8733;1;S4;C
4168173348c8f77cf04e64889bb22c407c9d0981abcc813e9bdda5b977c7e1f0;10025558;10025558;R3;1;Unisys Shop;G2;2;\"\";816-455-8733;2;S1;C
00cc04119d2797631ebefb8730de1ddf0ab7b3281e7a873ab3d065d228c37f5c;10005006;10005006;R1;1;Betacorp Shop;G2;2;\"\";816-455-8733;1;S11;C
ee07ef8332c6e519b9dd8073c399c7e3c0dcb04d63aba30e63cdb8c0f2c3e91a;10020247;"";R2;1;MAXSTRAT Shop;G2;1;\"\";816-455-8733;5;S5;C
ef193c40436b56fe05d4e32c6d9cf16400aaad15bf9cf58f6e6aebe90abd4cb3;10025737;"";R3;1;Userland Maxistore;G2;1;\"\";816-455-8733;5;S16;C
33946b83eb36faa963e41d5626757dc070cf24356d23d3fc1c25f4c23fd3f24a;10012369;"";R3;1;Finest Supermarket;G2;1;\"\";816-455-8733;5;S4;C
81504433e003cdafa7ac67ebf8dd95bb56a6b58b4216bdacd7b81c00a18735dc;10000497;"";R3;1;Abplus Shop;G1;1;\"\";816-455-8733;5;S16;C
5c23a67d725ba7ace4bb0a5bf3e63066db35a59e041f59dafad97e705ea7c471;10021331;"";R2;1;Palo Supermarket;G2;1;\"\";816-455-8733;5;S5;C
a9987f62e3a864190dac88184d502656bff1f5c823eba85d05be91e1ef5bc8fe;10000456;10000456;R1;1;A&B Shop;G3;1;\"\";816-455-8733;0;S2;C
694ce2be3232649e7d7ddf44f68921f5b2bb922916e14a1531a1eae5efd482b8;10005919;"";R3;1;Big Store;G2;1;\"\";816-455-8733;5;S4;C
9650f6257b275062df3933dc3a8dba560dce18e98503823711cd5f7bf63faabf;10020914;10020914;R3;1;Onetouch Supermarket;G2;2;\"\";816-455-8733;2;S16;C
c76b2a219bc5eab865db9789ea9e199fe4576bb9735c2cefdca194cbd37b8754;10002136;"";R3;1;AccessWare Shop;G1;1;M1;816-455-8733;5;S20;C
300c35ec7f0f5ffefbf59a0bcd9bdc95bdc34134dd89e7aa158dbe01879e37f2;10021283;"";R3;1;PageBoy Shop;G2;1;\"\";816-455-8733;5;S1;C
5cd35df374fe3f2598d2a9e068c2b9b2abd0940943373d266cb45cc75c8b4829;10021111;"";R3;1;P.C'S Shop;G3;1;\"\";816-455-8733;5;S5;C
5f626084fec288c59e6e354671ee600c24cd697729a3339155e7badb6180cc38;10020390;10020390;R3;1;Miles Supermarket;G2;2;\"\";816-455-8733;4;S1;C
02c00ef24b03da7c56ae9da337c6cdde3aaeadc6db426d6597e0fc43b12b4515;10024262;10024262;R3;1;Signature Shop;G2;2;\"\";816-455-8733;1;S16;C
517b722b48ca017c626693692aedea77d88a9327095c989f9cefa480283bae47;10024248;10024248;R3;1;Sifton Supermarket;G2;2;M1;816-455-8733;1;S16;C
8e69039bf29941d587ae90bb409d75ba94ca1500aab8a2a00ee255106a8ad1f9;10021986;10021986;R2;1;Pinnacle Supermarket;G2;2;\"\";816-455-8733;4;S5;C
1d5f334fc9bd5a604ae1afedaee7ef0b26dc53d634a2aa1551b807c7758b1929;10020193;10020193;R2;1;Maui Store;G2;1;\"\";816-455-8733;5;S5;C
bebef65a00c2f412ea1cc4cb952368583f190dfd312436cc950d96676cd98ebf;10009156;10009156;R3;1;Carden Supermarket;G2;2;\"\";816-455-8733;4;S1;C
66aee2b3d304a5e0a89064fc6fdd5b4ee9580c58ab0e383e902725d2fa9c77a9;10023511;10023511;R1;1;Sage Supermarket;G1;1;\"\";816-455-8733;5;S13;C
3b35e6c773678e36d490d9fd2ee2e16285ef2f08725c165723b51be74e60633d;10012422;10012422;R3;1;Finishing Shop;G2;2;\"\";816-455-8733;2;S16;C
cbd4a9dfed079ccf93021a70c2f95d6cc983a839dc43396f0c563217cbc5f044;10022252;10022252;R3;1;Quantum Supermarket;G2;2;\"\";816-455-8733;4;S9;C
fa2ece28ae3716d969436e4da2084ff60539d619dc813af9ed9fee37bc418df7;10020446;10020446;R2;1;NACSCORP Shop;G2;2;\"\";816-455-8733;4;S5;C
99e1b5f6ec84f533ec66e6808724547b0df43b45502aa54077258e0ade8443b2;10002137;"";R3;1;Accidental Shop;G2;1;\"\";816-455-8733;5;S16;C
8e3de094b62e946fc421e890ecdaaf4c7af517e2b076582557233775eb2cb942;10020256;"";O2;1;Maxtor Shop;G2;1;\"\";816-455-8733;5;S12;C
edb04447246f51a4b0655d995dff318318707dae60dfd7b4aef9c0498c8f54a1;10022431;10022431;R2;1;R&J Shop;G2;2;\"\";816-455-8733;3;S11;C
18fc540c296a8b359da8a5c831779afbdb25da74eeeee966c16d15608109fb9b;10019512;"";R3;1;Kim Market;G2;1;\"\";816-455-8733;5;S16;C
faaf576ce10c8022e114cd8a873caeded30326b15392de6cc319ecc8878628f2;10016780;"";R3;1;iBEAM Shop;G1;1;M1;816-455-8733;5;S18;C
5ba42a0d286b50e7ddb694535669797fa43bff81229d723d4ff373f42a8c0535;10006917;"";R3;1;Borden Supermarket;G2;1;\"\";816-455-8733;5;S1;C
7515ce35a4f103db61f0bb511337b50b4a34ff32bbce2f936826897a0d2c9671;10000458;10000458;R3;1;A&R Market;G2;2;\"\";816-455-8733;4;S9;C
c96f78c98ff744286d84a736e91c1516809076f9d962cad36bce6e9267fa2d60;10022450;10022450;R3;1;R2J2 Shop;G2;2;M1;816-455-8733;4;S16;C
cbba4f6b093acca824071280458059403fd2a581e8be4af879e556ce2a4a7bca;10025298;10025298;R3;1;U. Supermarket;G3;1;\"\";816-455-8733;0;S17;C
4acc50c65e7523250855e97c76776c375e6dce867933a35d608c3af9143bb346;10011842;"";R3;1;Fentek Market;G2;1;\"\";816-455-8733;5;S16;C
2227f88aeb19e91729abab3c8260b7dbf66861a9593bf291380af4a9d7cf57f5;10025086;"";O2;1;Tartanchase Shop;G1;1;\"\";816-455-8733;5;S1;C
07c6eb025eabecf18980966b60d33def0f31a8ad4f27bcaf7319c04b756ae1fd;10013871;"";R2;1;Grove Supermarket;G2;1;\"\";816-455-8733;5;S5;C
50080552307725f39028a061567b59a5c7cb83cedb2d208972909d1537cd2e2b;10021175;10021175;R3;1;Pacific Supermarket;G2;2;\"\";816-455-8733;2;S16;C
9ff38d6c8dd8f364af3fa877aca4742c72aa6c12e9ff10d2235d78ac26c2b10d;10013670;"";R3;1;Gehlken Supermarket;G2;1;\"\";816-455-8733;5;S1;C
5a4895eaccff5796812fd56c099ab5d283eab98d28230414d206c15d06c8f694;10019617;10019617;R3;1;Kool-Seal Shop;G2;2;\"\";816-455-8733;2;S1;C
347d9fa06f519a16c831a059b0f821919c817f567f46387b2a491a7cdc5addf7;10012161;"";R3;1;Filetron Shop;G2;1;\"\";816-455-8733;5;S1;C
298526e210273e1964ab49a2a748a2ae3c7e9fd8e8c2ace52bb89e844b14530c;10011355;"";R3;1;Enterprises Shop;G2;1;\"\";816-455-8733;5;S16;C
bf7a7e6a0178b3479dc223ede3e69ae4849c83ffe994b611ec702ab8d8b460d7;10023244;10023244;R2;1;Revolutionary Supermarket;G2;2;\"\";816-455-8733;2;S5;C
aac59823d0581c313ecc75d4ccb8e83ec3b6491c165127769054218f6b171091;10016548;10016548;R3;1;Home Superstore;G2;2;\"\";816-455-8733;2;S16;C
1b0baa356a4946bba5536fe95d65341c2bdffb70af1a6830bf74ba6eb409c6d8;10010865;"";R3;1;ECS Supermarket;G2;1;\"\";816-455-8733;5;S1;C
b81b2ce8d6d08c74f271f8b815769ae6e12cb3166e2b0bfec410d963646c5b27;10023783;10023783;R3;1;Saturnus Supermarket;G2;2;\"\";816-455-8733;2;S16;C
3b6a95653fb524ecccfe20452c733d25ba8d99bbe1d9ab66c117ed3f5eee0b3c;10013232;10013232;R3;1;Garza Supermarket;G2;2;\"\";816-455-8733;4;S9;C
fc7e52e05fcd7a88ef0748597913dee81f6c19263d8c89db4bebbd24ad68169f;10026861;10026861;R3;1;Xyplex Shop;G2;2;\"\";816-455-8733;1;S16;C
11c2683f235e43592b32728ac90ba6c9f62dacdd5fb8b43bf57518f8ca1165ea;10022764;10022764;R3;1;RealiDyne Shop;G2;2;\"\";816-455-8733;2;S5;C
b8c9299256598cdec4f57d89e3480e8f9cd8251f395bf13ae42cbc8cfd815f36;10023538;10023538;R1;1;Salamander Supermarket;G2;2;\"\";816-455-8733;2;S11;C
cf8d18031953a37755f5cc1b96ae8f3d67137158c837b04ed89041e957d8b291;10016588;10016588;R3;1;Bounds Megaplace;G2;2;M1;816-455-8733;2;S16;C
5ba46f94346537db191bd293b1b17a07e0deaa47c1d3666825e2b6ece2f37bc0;10009697;10009697;R2;1;Debian Shop;G2;2;\"\";816-455-8733;2;S5;I
2b9e2ca9b9d5d1e7c6dac16576cb75b7a2d28c8bf29174743c77abd184ddfa69;10002506;10002506;R3;1;ActionWorld Shop;G2;2;\"\";816-455-8733;1;S16;C
27162cc5820af454adc91df221d64fe2e0a212748f8516aa32f74518739cb9cc;10024550;10024550;R2;1;Southwire Store;G2;2;\"\";816-455-8733;4;S9;C
04f11773360aa9f4be6853ceab017a032d92bf95aa3d608fc924f3eacebf1561;10020448;10020448;R3;1;Nanao Shop;G3;1;\"\";816-455-8733;0;S5;C
58918505f614b447ab239271689a00ab15cc84289a3e42df8bbc08968853c654;10010969;10010969;R3;1;Edorex Supermarket;G2;2;\"\";816-455-8733;4;S16;C
99f0d6ac893487407bffe3ac3b889cc5d8d66372d9eaa7eeeb02c040d90436bf;10025040;10025040;R3;1;Tangent Shop;G2;2;\"\";816-455-8733;2;S1;C
eee9eca6b8a7c9728227513cd466c384f2c71a7d1ab3a274df428d4227310c53;10026839;10026839;R3;1;Xtreme Shop;G2;2;M1;816-455-8733;2;S16;C
19a2f1ccaad241cb28ab316ee3a8ad9a044751e704b17f281f2913c9b0d93492;10008638;10008638;R3;1;CAPTA Shop;G2;2;\"\";816-455-8733;3;S1;C
83ee73449b645b5e3aafa4934e52c7f7cf947f533b7ea5bca1d80007bf20963d;10006848;10006848;R3;1;BizNet Supermarket;G2;2;\"\";816-455-8733;3;S1;C
02a68e54c732a7e300963beff61fd5ebea4bfde98c56ba42b5052fb44e113667;10019900;10019900;R3;1;LiveWire Supermarket;G2;2;\"\";816-455-8733;1;S16;C
859b6632177a570cebbbfb8e184df90578568fc2fcd2841c0481d871d7d8de40;10008893;10008893;R3;1;Caravelle Shop;G2;2;\"\";816-455-8733;1;S1;C
376ac93a77316ca9686d2c4e800c331bf635805b8e78e68a152a520f08e90ed7;10012600;"";R3;1;FireTrans Shop;G2;1;\"\";816-455-8733;5;S4;C
c949ee565913cad8e2da0f42bab0386712081b6f9fb1cbe0a8c85fbd837d076c;10014533;10014533;O2;1;Harvey Shop;G2;2;\"\";816-455-8733;4;S12;C
3b6153e5150cd3c6001f764d53070886654cf188743560df7a109f337da4ea72;10025062;10025062;R3;1;TargetedListings Shop;G2;2;\"\";816-455-8733;3;S1;C
1a446ac6870891d477ee6d41336a7db2d079728d8ed671faadab3f7afd3157f0;10021470;10021470;R3;1;Papyrus Supermarket;G2;2;\"\";816-455-8733;3;S16;C
563e8615e2a3d8ddbe7bceb555d218b6c5c9677e9c3847156466d7e4a4df4baf;10020492;"";R3;1;NBTel Shop;G2;1;\"\";816-455-8733;5;S16;C
b60ad36ea502391354630659ac7b0207a0a93bc8d822ee81b3d861a12a808488;10000481;10000481;R2;1;Abbott Shop;G2;2;\"\";816-455-8733;4;S5;C
b03fae8dcd16c4791088abc9536fe2ad76052b72b0323d7cc87a99d32ee07c9d;10016858;10016858;R2;1;IBVA Shop;G2;2;\"\";816-455-8733;1;S5;C
9c1201dfb0997c36a7d443e16003da39c57abdb94f3a83bab1b1ae280cf6a386;10012425;10012425;R1;1;Fins Shop;G2;2;\"\";816-455-8733;4;S4;C
c4b3bc7bf15ab0d07026134c8fadee41ea6d66fae737874a7dcb0ef7946b31c3;10021977;10021977;R3;1;Pinnacle Store;G2;2;M1;816-455-8733;4;S16;C
f310d9ea7dc6e25b0d88aae0b566a853ea1500883c550541434222600ea2aa5a;10025302;10025302;R3;1;U.S. Market;G2;2;\"\";816-455-8733;2;S1;C
7ccc5ae80a4aa368f37a513e15cd699ed4911bf8f37467c3a0d3b2228d079bcc;10010886;10010886;R1;1;EDGE Supermarket;G2;2;\"\";816-455-8733;1;S11;C
82d195ac96b582d14274606ac3a7da9ea0b738f2ce6daf39981b0466973874b0;10010990;"";R1;1;Elbit Market;G2;1;\"\";816-455-8733;5;S20;C
926ba285ffd44c7c09002896b75dbcddba3cb2545a6f43339737339b6946b3fb;10025814;10025814;R3;1;Valpatken Shop;G2;2;\"\";816-455-8733;2;S1;C
f6ae99d79b40c50c96fe2fda44eb37cb2f53bebb38a920f6cab94142542d3749;10006862;10006862;R3;1;BL Supermarket;G2;2;\"\";816-455-8733;2;S1;C
8c485abc5a4ca0f026ac6faa5c6437631f84a3b67ca73b06332919d473e5799f;10025552;10025552;R3;1;Unison Medistore;G2;2;\"\";816-455-8733;4;S13;C
25b8c0594a669592d9e497653f2e7c984a10ea57e72ab87da302cda4b3a2d88a;10022725;10022725;R3;1;Razorfish Shop;G2;2;\"\";816-455-8733;2;S16;C
ac8a0858d1173a5e5ea67520fca8466056fcc467e2165b309d1d0ec6cf170698;10024260;10024260;R3;1;Sigma Supermarket;G2;2;\"\";816-455-8733;1;S16;C
7e2bb925a1cd702dcb18887936b51806ac8399ce1af26ce9a79ab166714c1ec3;10019913;10019913;R3;1;Livezone Supermarket;G3;1;\"\";816-455-8733;0;S17;C
12c9c219e61c96578ba97cc37f66d613edb03705f64a2c2b91ee5d40b13a852f;10008596;10008596;R4;1;Capitolnet Supermarket;G2;2;\"\";816-455-8733;2;S18;C
9ddcb7a2ce585b110983659bdd6ee9cb86a4273c7a8f313189940198fe12ff99;10013509;10013509;R3;1;Geac Shop;G2;2;\"\";816-455-8733;4;S16;C
713cc9f10f7cbbf56348d889e6ec8f39e803d312f7dabd7e74529904a7d44cd9;10018518;"";O2;1;K Shop;G2;1;\"\";816-455-8733;5;S12;C
01975da00fb03cf4395931b8520754b7022711cb282f551ccca5e990b27305d9;10009656;10009656;R3;1;DCS Market;G2;2;\"\";816-455-8733;1;S16;C
f73de84e2f41f5a1b479785c3d9d7c9b840ab63bf741d2f00e4ec9062264234e;10006916;"";R3;1;Boott Store;G2;1;\"\";816-455-8733;5;S16;C
6e406a6514814345d33bdedd93583c2d2ff41d90c3ee289c4a8f308d9f9521b9;10022201;10022201;R3;1;Quantum Shop;G1;1;M1;816-455-8733;5;S16;C
6c4921c5fc6698491286ea6c674e33e94e3b5f569e1d4ad9f2423edb59e9a085;10007134;"";R3;1;C&C Shop;G2;1;M1;816-455-8733;5;S1;C
7abc260b3629fb354000b6e4dbe95fbd16db0863a90c28146937c6526c7132a6;10002142;"";R2;1;AccuCom Shop;G2;1;\"\";816-455-8733;5;S5;C
d15a972f97e7c3a60ce0e2b9c6076ac394aec40c57040f6c38e7c44a8897d3fa;10002520;"";R3;1;ActivCard Shop;G1;1;M1;816-455-8733;5;S19;C
a0af84643ba201418ae28bace189e00d82325106fb3390da98b6132299ed0570;10013572;"";R3;1;GearSource Shop;G2;1;\"\";816-455-8733;5;S1;C
cf06adffb690266640aee85ed34b4511358e1d54499ad752f556e5dd709c5c0c;10027560;10027560;R2;1;Zilog Shop;G2;2;\"\";816-455-8733;2;S1;C
bc481e013f091027002bfc60a1a311bd2b8337abf0aca5bf1ae0bbbfb8e4f167;10016045;10016045;R3;1;High Supermarket;G2;2;\"\";816-455-8733;4;S16;C
24c4edc03560d9d2674f41979db5bfd1a3b5be8ab83a51ac3d80c2b57f998913;10003882;"";R3;1;Beech Supermarket;G2;1;\"\";816-455-8733;5;S16;C
245b4f6b1fdb2fc54e917d7d4ba84c4f3477341cc0dc1dba89c0cdbff27611b7;10010882;"";R3;1;EDA Supermarket;G2;1;\"\";816-455-8733;5;S16;I
41869647fa443ebee24ebdca54dcc0010797f78778d049c8a3ce5356fcd2ab53;10012157;"";R3;1;Fifth Store;G2;1;\"\";816-455-8733;5;S9;C
68ae280e659bafd9bae74095b5852115eff836a5c1d64315792ff6dcaeaed17d;10002526;10002526;R3;1;Active Shop;G1;1;M1;816-455-8733;5;S19;C
70d85278a69c16eb59745bb3efafa5f084aa7df43ab5e7ae1ffbf448d4e1854d;10007457;"";O2;1;CalComp Shop;G3;1;\"\";816-455-8733;5;S1;C
47c8c121482865cef5fbeb5411b4953e1682a13496b9460fbf7df795d92b7d95;10014739;10014739;R2;1;Haz-Mat Store;G2;2;\"\";816-455-8733;2;S5;C
dea8b194fe538c8fec8261c22ffc6af3b646867c23d868da6fbaaa07742538c7;10002153;"";R2;1;Ace Market;G2;1;\"\";816-455-8733;5;S5;C
8ceb58fd259f00d532160c61c52470815a50f940fa521dd95a289890606fa004;10021231;10021231;R2;1;Packard Supermarket;G2;2;\"\";816-455-8733;4;S9;C
4a04fd9203732be37a1721e0d9a4fb4908fc3f1936914f2211448483e979efe7;10009669;10009669;R3;1;De Store;G2;1;\"\";816-455-8733;5;S14;C
a8fdb9d1e2e3d660a0cadf2551563a5c24a172682ed03bbbf1e4e67bfd285e93;10014810;10014810;O1;1;Healtheon Shop;G2;2;\"\";816-455-8733;4;S5;C
1d8781dd1854590d7e666a8298c0c3d875b08f4c7621e1e32db8d454aee8a995;10014804;10014804;R3;1;HCS Shop;G2;2;\"\";816-455-8733;2;S16;C
6c49124bb5c04485dfe0f5d63738e15f90995a05955ae6b935e38660b65385f0;10024999;10024999;R2;1;TAGnology Shop;G2;2;\"\";816-455-8733;4;S5;C
9cbd35bad286e89e010f132cc1c11c1de257a7eab53acb405c6db7ce9bd35b1e;10016047;10016047;R3;1;High Store;G2;2;\"\";816-455-8733;2;S16;C
78afbcdd4555e29e2f43f743391eabecdb2a417a629df74247ebab9d8476a52e;10017290;10017290;R3;1;Id Shop;G1;1;M1;816-455-8733;5;S16;C
8c8704aa17ebbf3366d6a5520a5557e5c1006219597172d16258008b6acb9b30;10005236;"";R3;1;BH Supermarket;G2;1;\"\";816-455-8733;5;S16;C
3b19e9b07175c2f065ff2fe730390ffc036f62d9fca80ad582a19f6349f38f87;10009679;10009679;R3;1;Debenhams Supermarket;G2;2;\"\";816-455-8733;2;S16;C
0383b5096ffa2950c90768bc9bae3db512278041ddb97040383c91b3f0ede476;10010698;10010698;R3;1;Earth Shop;G2;2;\"\";816-455-8733;1;S16;C
7cf89bc24eb3afbf545aae37097ec52b864217488ca8bccd3e2082110963a1f0;10020445;10020445;R3;1;N.Graphics Shop;G2;2;\"\";816-455-8733;4;S16;C
b082288312f116d7f4f42ce9c2458a334683bc26f15c0e8dd2c188b8f1bc5b09;10025392;"";R3;1;Ultimate Supermarket;G2;1;\"\";816-455-8733;5;S16;C
83c932fee8f20007771a98793144b0065b5004385a2b60f81aeb2130a2c899c0;10025495;10025495;R3;1;UniForum Shop;G2;2;\"\";816-455-8733;2;S5;C
5432dfe44cc33759922946ba4903741077b9c6ccdda4e6f6f484f030e7fc9f48;10013312;"";R2;1;Gate9th Shop;G2;1;\"\";816-455-8733;5;S9;C
b355c7b2ea61fa4df9600deb563eb64076c0139380b9dcdb83ada74078aaf899;10022730;10022730;R2;1;RC Shop;G2;2;\"\";816-455-8733;4;S9;C
d274d414c5213dcbcb8634d20a646f00feda9fa50f03f0da057660181d6e2178;10004302;10004302;R3;1;Berkeley Supermarket;G2;2;M1;816-455-8733;2;S1;C
606c83f34c5646e30d2653c7d3d72b5620a2417049471fa2837d9a1650ba8fef;10017828;10017828;R1;1;Lee Megastore;G2;2;\"\";816-455-8733;1;S20;C
6667a28cfb80faac696a1d59877eb5be8d6eec583342c5c086555a8da916a783;10011981;10011981;R3;1;FIBERWORKS Shop;G2;2;\"\";816-455-8733;1;S16;C
2c3c14bde8c3eee3e9bc6bb9372d82463f8f2db3c5395c6ca858a3fe4eb9f7a8;10015495;10015495;R3;1;Hennings;G2;2;M1;816-455-8733;4;S16;C
664c3ee97b3a0284cb919e56817d17edc34f8d7191198b0bfce8f5421eff4a47;10014540;10014540;R3;1;HarveyOpolis Shop;G1;1;M1;816-455-8733;5;S16;C
17cb039e36addbf0d164c01698a68d37fd9b774d49a15b8237e416fb2b9ca3e2;10023703;10023703;R3;1;Sarcom Shop;G1;1;M1;816-455-8733;5;S19;C
21cb2336889d032398ebcd36d17b354abe59f1a1084ea163e1df99b059668492;10023759;10023759;R3;1;SASCO Store;G2;2;\"\";816-455-8733;2;S1;C
873c40c1be761c39534072c42b7ee519c51d3b03c70fd615aca00fa3eef10c2b;10013127;"";R3;1;Garbee Supermarket;G3;1;M1;816-455-8733;5;S5;C
2abb87623fa948149a8c2489f3708b684ea6f4cb065ff5c8226cf2a95819c333;10019514;"";R2;1;Kimball Supermarket;G2;1;\"\";816-455-8733;5;S4;C
7ba4a228c210ce1853e48e240c627327923203876d611aab125c85646f38e09f;10025769;10025769;R3;1;UUmail Shop;G2;2;\"\";816-455-8733;1;S1;C
aa0ab77aa3b5a26fd6579d7f8ecd7fae33e41f75776df840f147689a906b619a;10005810;"";R3;1;Big Shop;G1;1;M1;816-455-8733;5;S19;C
c5d00709fdfa239d9dee2a7a9526b3a453f417d7740de88a0a7eae50dc1c179a;10026291;10026291;R3;1;Warsun Supermarket;G2;2;\"\";816-455-8733;4;S16;C
b6e8fc77d0c723b53ca2930f2bf627bb206ec3d165d2db9aa8b969309e9a8837;10016564;10016564;R3;1;Home Market;G2;2;\"\";816-455-8733;4;S16;C
6a8b79fa898ded6c7246b65993944e41ec3bb7ddd18a9e853ec1668cea000648;10011089;"";R2;1;Embedded Supermarket;G3;1;\"\";816-455-8733;5;S8;C
0b815c0ebde1ae6e5b849f8ba09807a619788d96312b6702fd85ebc5e97fab33;10017576;10017576;R3;1;Illuminati Shop;G2;2;\"\";816-455-8733;2;S16;C
dc6583095b641f71c1ebd8a82c0130f3eccdb187fc02e3c2fbb3b88d9dce8900;10013472;10013472;R3;1;GE Market;G2;2;\"\";816-455-8733;4;S9;C
1b2cdbf50ae821717fa72e07f4c942f35b6e01ac9b47fb8d2d493aad946107c7;10021459;10021459;O2;1;Papyrus Shop;G2;2;\"\";816-455-8733;2;S12;C
6b18aecb3f008882466c444f8b2501dba72033f783897fa54165b39082e699a5;10015267;10015267;R3;1;Helfand Store;G1;1;M1;816-455-8733;5;S19;C
3e29679afa40943ac67120f95441cc85c39c5131c9c7ae3e04ccd1a7e4442b8a;10007258;"";R3;1;C3I Shop;G2;1;\"\";816-455-8733;5;S16;C
f4e610aaf5e32351bd728d5acdadff2ac2428cb06e002f1793aaf5124a5bb4b6;10009907;10009907;R2;1;Del Supermarket;G2;2;\"\";816-455-8733;2;S9;C
a00a066a67af6e6a70dd0734c696d5469ebe4dab977826153c4911c44346f924;10019678;10019678;R3;1;Laker Market;G2;2;\"\";816-455-8733;1;S16;C
941fde85a1616495484d772e9afc58059ebe0f9c35af6146ccf337c4dc8692e0;10025515;10025515;R1;1;UniPress Shop;G2;2;\"\";816-455-8733;2;S20;C
5b54fb267212dbb2418a799849d40f300d5e4374134ec2bd8ed870c6b97b9ec8;10017072;10017072;R3;1;Iconation Shop;G2;2;\"\";816-455-8733;4;S9;C
bf44488cefc14be6959b4845cf8b9144888f3ee768acef4b4576441443009022;10021223;10021223;O2;1;PacificServ Shop;G2;2;\"\";816-455-8733;4;S12;C
c8fff4c067ba49e613d466e52986f7713eaca551c2b81c11c6c14915442617a0;10010717;10010717;R2;1;East Shop;G2;2;\"\";816-455-8733;4;S5;C
07bea6483fbec6c212d1eb2be8cc1a222e13bebb1f07de4dac8f7aa416b78e09;10003554;"";R3;1;Ad Supermarket;G1;1;M1;816-455-8733;5;S19;C
192e1619b265d1a2164be4a43c326f0839da71a59e83098369efbfe041cefc53;10012158;"";R3;1;Filene? Shop;G2;1;\"\";816-455-8733;5;S1;C
5d9fe63dcefad30230e77a3571956cc94bac0b4ec076396f663489a7fc88053f;10020909;10020909;O1;1;Onestar Shop;G2;2;\"\";816-455-8733;4;S5;C
c7c44ef4d63c371d55556827e1175ac0b8417d1015df8f033ea2ef24e063534e;10016784;10016784;R2;1;IBEX Shop;G2;2;\"\";816-455-8733;4;S5;C
5c589be80b35470a62ebb17442aad66640d1c59a26cce597ac812e4cd881e919;10011398;10011398;R3;1;Ethyl Store;G2;2;\"\";816-455-8733;1;S16;C
e9d64632563780efcb603ccf43e11b7b5039f25e1a695fa1c8b0b73cd4e4cc4e;10025243;10025243;R3;1;Teca-Print Shop;G2;2;\"\";816-455-8733;2;S16;C
6bb566afde4b5f8f8cde6e5337971f11bcfdcf5744513892684f93909edf8bca;10002114;"";R3;1;Accel Supermarket;G2;1;\"\";816-455-8733;5;S1;C
d882c7b5563e3f0a9deee3c34de0e93be86472f960fbebd1491c915112c209cf;10012761;10012761;R3;1;G.R. Supermarket;G1;1;M1;816-455-8733;5;S16;C
f377fa3605deab01fa6f2f3af8468ad4784115265f77c7e0eaa258cd54d4a3c0;10026081;10026081;O2;1;Ventana Maxistore;G1;1;\"\";816-455-8733;5;S1;C
a7f780582990e2c1d597e308ecc0bd803f74c0e33046faf3ff13ece7190311e7;10025288;10025288;R3;1;Transylvania Supermarket;G1;1;M1;816-455-8733;5;S19;C
9f83e0e35784dd1363d48f81c512b1559e886a14351cc213d329d000c2b210e8;10022456;10022456;R3;1;Ra Maxistore;G2;2;\"\";816-455-8733;1;S16;C
7682862eb75685e7338a400ced13031d8fca74ed102e8a9aed444a3b878b5ae0;10011870;"";O2;1;Fenwick Supermarket;G2;1;\"\";816-455-8733;5;S12;C
d51fa4401f71e60238e6d3a9f27947fbc77df6864326eea32dac0af617575a7c;10025022;10025022;R3;1;Take Supermarket;G1;1;M1;816-455-8733;5;S19;C
6ec35735cfc0cb5d1f5254718b089c83d909a2f6760fc995ce22985394837c9f;10002150;"";R3;1;Accumedic Store;G2;1;\"\";816-455-8733;5;S16;C
898021e61acf59c54388fe812428ce941ffa3d69d26f08a86a3d458eea2afea4;10005922;"";R3;1;Big Supermarket;G2;1;\"\";816-455-8733;5;S1;C
ff0d732b2b757f24f3e18661ecca4b26cee15335b93ec9afa6e8c12d8edd4dfa;10025571;10025571;R3;1;Unitec Maxistore;G2;2;\"\";816-455-8733;4;S9;C
73a728b21fa51dad4c1300fcfe362675ffd0c58198b53c6522cb3d7100a29e00;10020962;10020962;R2;1;Output Supermarket;G2;2;\"\";816-455-8733;3;S5;C
90b8ecb68b4047c202b27e2a3a995aa9d81ca39ed27b86bc044206354fb071d7;10025300;10025300;R3;1;U.S. Market;G2;2;\"\";816-455-8733;3;S1;C
9de2a5df57020e9f43562fc1edbab12c5773417d7e008c10303e89bdd3edc68b;10023793;10023793;R2;1;Savetz Store;G2;2;\"\";816-455-8733;2;S2;C
40a7ab9901e7026df6ebcb03497183806091e4c6d1fee42983809df96c1fc5ee;10007123;10007123;R3;1;C Supermarket;G2;2;\"\";816-455-8733;2;S16;C
d1db74f753142dcbdeeece3846e69eb06e347839b1c1f69b6676781382b25fd3;10021297;"";R3;1;PageSites Shop;G2;1;\"\";816-455-8733;5;S1;C
568c3cf1ed702248b1bf30410ea5a00295cfbc64ead39cc54aa57e18252c37f9;10025583;10025583;R2;1;United Market;G2;2;\"\";816-455-8733;3;S5;C
b768334c40110172e8986695d4f697ea29f39203a7ebfe93a800a9732dd5ab00;10016807;10016807;R3;1;Ibis Shop;G2;2;M1;816-455-8733;4;S16;C
7b6af1ed7fdf1aff63327c6d74669b0d5238a856cd42cd6c1c16e5f560224dc0;10002501;10002501;R3;1;Action Supermarket;G1;1;\"\";816-455-8733;5;S19;C
100c8df7ea3689ef52c255bf4197d8aa2373390e0b9a5d508ce1d631009e251f;10007448;"";R3;1;Cajun Shop;G2;1;\"\";816-455-8733;5;S16;C
dcaa201256466254f36405114b3cb3163c7c7ede13e4575fa61e5d36e5386a23;10009606;10009606;R3;1;Champs Gigaplace;G1;1;M1;816-455-8733;5;S19;C
7aaf3691b06a5eade94f56e059c113ccf72cbb8ba450dc8594c0ed2336a2a7c1;10000496;"";R3;1;AboveNet Shop;G2;1;\"\";816-455-8733;5;S9;C
a0018fb7cfcd6d57da11830f25c000753c456b6ffd6badf3a017b4287fb65bdd;10017054;10017054;R3;1;Icon Market;G2;2;\"\";816-455-8733;4;S1;C
d967e7881d8c25213cab54b1aca1f7abbfb0464e7498bc2b5974b84de62580cf;10006983;"";O1;1;Brentano's Shop;G2;1;\"\";816-455-8733;5;S5;C
12f7757d1d38e717cad3cdf8ed77ea1e9d0232a31fc71604b33a4784e15b8e86;10023489;10023489;R3;1;Robust Store;G2;2;\"\";816-455-8733;1;S16;C
8624fa1e7b230331779a382e37434a2419a362de82ccc82731bb08b9e1de8621;10016113;"";R2;1;Hill Supermarket;G2;1;\"\";816-455-8733;5;S5;C
84618ea48ae31af1d009147af3d80a29a7beca83b89c65ff4f61e9b69d6e9d78;10018580;10018580;R2;1;K Supermarket;G2;2;\"\";816-455-8733;2;S1;C
85ae6c3ecc4fdacfe5c4ad4c5e57c1beec5ec5d80b3c335aeff9607389861cb6;10002161;"";R2;1;ACME Maxiplace;G2;1;\"\";816-455-8733;5;S4;C
ec887e2ccdd48784bb312260d69ee816270239db3f701de86e9ab7c46ff5f018;10026843;10026843;R3;1;XVT Shop;G2;2;\"\";816-455-8733;1;S1;C
dbaac42ce9ef655c6da0ab15b5909fb5a860ccba517ea652ac378fcf39fe32a5;10015789;10015789;R3;1;hesketh.com Shop;G1;1;M1;816-455-8733;5;S19;C
b374644b57db6f3030a81f369882586c693efd081e79994ce304cff6f594928a;10022249;10022249;R3;1;Quantum Supermarket;G2;2;\"\";816-455-8733;2;S16;C
491b1e26796d6a61c8c928c5176ea72fa243340065ccfead8df2e3c31e263ea0;10019909;10019909;R2;1;LiveWORLD Shop;G2;2;\"\";816-455-8733;4;S5;C
937934c382cf843bb9b1d0d090757dfac0671f1c6868db0d76b756e864c179ac;10016609;10016609;R1;1;Homestead Market;G3;1;\"\";816-455-8733;0;S21;C
28f74fbb0a4a79e4b2f7c50f8a1ed9ec9cca5880864d02a61a588abca6bb4832;10025241;10025241;R1;1;TeamStore;G1;1;\"\";816-455-8733;5;S5;C
f719813d084027fb75565a5152a5c5297e4b3f0e8299c4f1eeea37c9efd013d2;10019150;10019150;O2;1;Kentucky Supermarket;G2;2;\"\";816-455-8733;2;S12;C
5f12c12f66c22b6742e2c1392be2e96d11d4c9295157788dde2afdd77137da1c;10025296;10025296;R3;1;Trust Supermarket;G2;2;\"\";816-455-8733;4;S1;C
6d33af3befa263a57f5e5e46965c5aac8c4d8063fee05dcc3cf95125033ca86c;10019682;10019682;R3;1;Lamson Store;G2;2;\"\";816-455-8733;4;S3;C
c33fda51471894b6a2cd5675fad73b3e36c57070e922d0358ac3a8b253c39c8a;10018146;10018146;R3;1;J.M. Supermarket;G3;1;\"\";816-455-8733;0;S8;C
1042d5ddffb809263bf1fc1c93048de7ce79056cdc33832a198ad64a509f40b4;10027575;10027575;R3;1;Zitel Shop;G2;2;\"\";816-455-8733;2;S1;C
7a23f09d4bd3ffecfac2dd41b5457e9f4e10bbc81a0b04c84a5d014818c51b9e;10014495;10014495;R3;1;Harvard Supermarket;G2;2;\"\";816-455-8733;1;S16;C
43ff1ae5636ea82ec34f40731d498235513a812941490ea53d8c5540b4f54e27;10024499;10024499;R3;1;Soloman Market;G2;2;\"\";816-455-8733;2;S16;C
019097c7731d68e2fa5724a3d4347aa8d63febc799bd5523114b3a7d39fe7665;10025049;10025049;R3;1;Tao Store;G2;2;\"\";816-455-8733;1;S16;C
8825530b214439e8255d7f1c3f477eaea5a7076f551cb1bfed7b83d4ca62d16e;10010855;"";R3;1;ECI Supermarket;G2;1;\"\";816-455-8733;5;S16;C
c6e7185f4ac25b80a7ca745f84f021485062154c282d7772530bb8007ce56b18;10007183;"";R2;1;C.O.F. Shop;G2;1;\"\";816-455-8733;5;S3;C
dac2d76250abe610a8de17a7290f13f3f7166e88878eea9feb8c99dbb942d94a;10000462;10000462;R3;1;a2i Shop;G2;2;\"\";816-455-8733;4;S1;C
a57af22984539077d4ad6b7d65c017a967673f6a1ff867597b57c705d6e3e645;10025267;"";R3;1;Todd Supermarket;G3;1;\"\";816-455-8733;5;S5;C
92b6df59f6fac25ecce6e02bb5703542a9e81211418463d1057bc6e03ff18349;10026606;10026606;O2;1;Xilinix Midstore;G2;2;\"\";816-455-8733;4;S12;C
79af37c56860843a100fac134effcabe4a5e650ddd8ef96acb18fdf655264502;10020388;10020388;R3;1;Metro-Goldwyn-Mayer, Supermarket;G2;2;\"\";816-455-8733;3;S1;C
7e707383ad40d57b62cbffc803d02302b44eab0faaef0935c075fbad03166979;10009643;10009643;R3;1;David Store;G2;2;\"\";816-455-8733;4;S9;C
4d87e8c1fec0642c86bd126b6eb230644ae40cd5ac6494063f001b147c4aa391;10007591;10007591;R3;1;ComeStore;G1;1;M1;816-455-8733;5;S19;C
d678c99099e2ea7500b4cedaba27dcc1932631583f4e658ce3e23be279ef2fd4;10014047;10014047;R2;1;Gulf Market;G2;2;\"\";816-455-8733;1;S4;C
c488df1c8fa8d30500f3ce1b92c2bbdacda6dcf1a1d83da3a0bb0847543bd991;10020181;10020181;R3;1;Markets;G1;1;M1;816-455-8733;5;S19;C
bc1332324bd91e6d06d1f00d3aaced8dd375dbdf781c0afdff85fddf2fe97e40;10024270;10024270;R3;1;Signatures Superstore;G2;2;\"\";816-455-8733;1;S4;C
4325b66e1fa539596064f31a9a2cf64117b3735df1bd592fe0ae1fafec9f1d04;10023509;10023509;R3;1;Safetynet Shop;G2;2;\"\";816-455-8733;2;S1;C
0d2a0e30a8a80affa64ccce48581405899dd0f7f6b530062d9c9a857b86f4399;10002220;10002220;R3;1;ACRON Shop;G3;1;\"\";816-455-8733;0;S5;C
e84547a659e8a13ba8c1c896abe05987972b4163352ac7fb2ce7d5ebce04541d;10023275;10023275;R3;1;RFI Superstore;G2;2;\"\";816-455-8733;1;S3;C
47fc9b0e21f6fd0fbc7de8d7ba3e4aa5cd437b4cf6456eeefa03e3ed0597b598;10012235;10012235;R3;1;Fimetrics Supermarket;G3;1;\"\";816-455-8733;0;S5;C
f067e34e7cc44de5062105968984ebff5323c0a6b759a974585e4c629a235ae4;10011600;"";R3;1;FCS Shop;G2;1;\"\";816-455-8733;5;S5;C
74e0a986cecabc322e9a7a0eb590d162395707cc0fbb53e9fd3806d38b1e3298;10020227;"";R3;1;MaxBan Shop;G2;1;\"\";816-455-8733;5;S16;C
82847f044c617240e7c9b5d947cb9e075cea6d03b747cf4bd90e86a273c7d3d5;10010884;10010884;R3;1;EDC Supermarket;G3;1;M1;816-455-8733;0;S5;C
289e584a2211613e78817d8e78898163c9629cd01880c89434dc927e62b0069e;10011997;10011997;R3;1;Fibronics Shop;G2;2;\"\";816-455-8733;3;S16;C
20d8cb233b44cf091a40ef524deed4b8bf55bd518756966ce4628bcc193e01f7;10015886;"";R3;1;Hewlett Supermarket;G2;1;\"\";816-455-8733;5;S1;C
47eb01e73aeaff248e8dcbde6d7627b18d601afb3cdcf9f98c1af9c725696f87;10020662;10020662;R3;1;Nematron Shop;G1;1;M1;816-455-8733;5;S19;C
2a0e2d55aba118880e36f2a3386636a48ae458db2bcc4326fa9b2524906830b8;10020663;10020663;R3;1;Neos Gigaplace;G2;2;\"\";816-455-8733;1;S16;C
9129999a9a91e567a468782b00bbc6c3da46df077dcd8d1e4c8a5e03efc9729b;10018867;10018867;R3;1;Kari Supermarket;G2;2;\"\";816-455-8733;4;S16;C
40d2aa1b99ea6134baf4307944bafac0afbf43c91d647ce4a3ec0aa2713b6725;10020266;"";O2;1;Maxwell Supermarket;G2;1;\"\";816-455-8733;5;S12;C
376381754c17291a8a88eb46ca2e9c5b55116ac36f6c2be5d6e0c4d05afb42f7;10015011;10015011;R3;1;Hederman Supermarket;G1;1;M1;816-455-8733;5;S19;C
4d858f3d8280152d36f2fffe8246f4dd589d5dfc06a6fc31bdc20e35afbdba10;10027053;10027053;R3;1;YourFuture Shop;G2;2;\"\";816-455-8733;4;S9;C
3177ed9eeb31b4aba5fce2015637fd1a5f8041142bddb726f1bb8785bf97c4c2;10020715;10020715;O2;1;Old Store;G1;1;\"\";816-455-8733;5;S1;C
f4dd61f88dc0a1ae70f6a24b933877528d99bdd38e53aa6888159a99e918130e;10023778;10023778;R3;1;Satronix Shop;G2;2;\"\";816-455-8733;1;S16;C
e57470e0055c70b283abd6455d9c6fb0ec0322147d2868222bd7cb54f7ac5fec;10025359;"";R4;1;UKnames.net Shop;G2;1;\"\";816-455-8733;5;S18;C
4f16f866e72b86c97dcef27e2d71eb53161f9957c5c7724207bfc9153dda51ce;10010923;10010923;O2;1;Edmark Shop;G1;1;\"\";816-455-8733;5;S1;C
3a5d84a40b9011659f133d49c6b78d3e1038003d55148cc70f32ee0dbd592d36;10026078;10026078;R3;1;Venred Shop;G2;2;\"\";816-455-8733;4;S16;C
9b047a97d8ce6920e066c011839b1e62fcf2de8515572fd4594eebc3105aded9;10013341;"";R2;1;Gatierf Supermarket;G2;1;\"\";816-455-8733;5;S2;C
72e8044266bd54bb349f049b2e20b80452cb1f63299b4b68170049b0cebce3da;10026365;"";R3;1;Whites;G2;1;\"\";816-455-8733;5;S16;C
8ccf1d9e8632d65c2021f40bfc3419d49172fa9aa7a9e3a11d6b5e666e8cf35a;10018665;10018665;R3;1;Kaim Supermarket;G2;2;M1;816-455-8733;3;S16;C
3b440935997d93f56cf97771712b938527e364b205d27d5acd72c081f2c1ae41;10008134;10008134;R3;1;Canter Shop;G2;2;M1;816-455-8733;3;S16;C
674a047e6415345fa92cefdce93e2445456c00ab8a1ce815e14ac5efdc41e732;10000453;10000453;R3;1;A Supermarket;G1;1;\"\";816-455-8733;5;S19;C
0f72b375b92f54a0dd8b5dd1403ed4ac77f74f1c524aaa45c0b4ac73bbcecf4a;10023022;10023022;R2;1;Renaissance Supermarket;G3;1;\"\";816-455-8733;0;S8;C
3ce0a15d3299a48111418c9320a4f7464dd275cf8ca30865536c303ed0f8bfb9;10020306;"";R3;1;McGraw-Hill Supermarket;G2;1;\"\";816-455-8733;5;S16;C
d21cfc064574bf2db946b16148ffaba35c42e03b881a90c445c8a657a9066ff9;10020332;"";R3;1;Medics Shop;G2;1;\"\";816-455-8733;5;S16;C
b46609ee1cd3a4fe96a466e2ae86d789ea2bd15da4f7f0642628cf31a113fd59;10025560;10025560;R3;1;Unisys Supermarket;G2;2;M1;816-455-8733;2;S16;C
00e9a99b997006dcc63b36221ef5795a2309e9d337a2772eab3e6438b1414310;10021204;10021204;R1;1;Pacific Store;G3;1;\"\";816-455-8733;0;S4;C
90e3cda0922ccb7f42137f29830aa5e982ad34b4df38c3e5609642b6f27ab9db;10026062;10026062;R2;1;Venable Shop;G2;2;\"\";816-455-8733;2;S5;C
37462b4e57cd007a4e63883a7e0fa9ba52d3d9df114400efd1642a244e779f13;10020931;10020931;R2;1;OutPost Market;G2;2;\"\";816-455-8733;1;S5;C
7810d44d866273dfba68d0162699b659995246198a3125606a95341476454a20;10013765;10013765;R3;1;Gemini Supermarket;G2;2;\"\";816-455-8733;4;S16;C
d4748d28a29f8d128b0e3d644520c112e06836ab2c655a4bb8821bf37f365234;10019420;10019420;R3;1;Keystroke Market;G1;1;M1;816-455-8733;5;S19;C
c12dd7bd4f5cb7a3f5815db869c9636e0eb5a61085dea7f97e5950479ccaab08;10021668;10021668;R3;1;Pathlight Market;G2;2;\"\";816-455-8733;4;S1;C
4055c20015e379e57d02943d8f0c2cc9c127c10d1abf757a8e352e4f572f9ea6;10012234;10012234;R3;1;Filmotype Shop;G2;2;\"\";816-455-8733;1;S16;C
6c86109ef5c6e7388e791e7b4d41f8c525e99b4d65433c4d61a9be6236dd2f85;10018603;10018603;R3;1;K&K Supermarket;G1;1;M1;816-455-8733;5;S19;C
52117e791b22e97354882ac2902b99ae7c5a7cfa1a9a66ab56ffbbc7dd8920de;10021145;10021145;R2;1;Pacel Shop;G2;2;\"\";816-455-8733;2;S5;C
ae09b9ba816669883774f88b334459c308a22ed8442f15f81c168db3ac37181b;10011821;"";R3;1;FenP Supermarket;G2;1;\"\";816-455-8733;5;S5;C
813ecd3b404a56f6790b2cefafcfe375ec8019927022fdd9bee02a5ebadfa869;10011345;"";R3;1;Emergent Shop;G2;1;\"\";816-455-8733;5;S16;C
6dd31d089c884bd61cf404c02b8e53888bcd0d80fef8c5affc6960c58556471e;10026438;"";R3;1;PLAINFIELD Market;G1;1;M1;816-455-8733;5;S19;C
ad7e72a1853712a0594363fa14b24e74f9b4b53aef6e8de06d8c113cd14fc75b;10026006;10026006;R3;1;Vector USA;G3;1;\"\";816-455-8733;0;S5;C
74ed52c1f80bcb10ab66dd48187396275171da0da3484182dd8a0ed081d96d0b;10020684;10020684;R3;1;Oklahoma Supermarket;G2;2;\"\";816-455-8733;2;S1;C
3642ea31314ca2ff0e609d81f427daed437335b0228e07368750d52f049778c9;10020672;10020672;R3;1;Oki Shop;G1;1;M1;816-455-8733;5;S19;C
5ce4d10be1a820cd31788110e403180323e8895fde5966c84589a9420d757865;10000455;10000455;R3;1;Caribian Supermarket;G2;2;\"\";816-455-8733;1;S16;C
97a7e226376b839b42b5b1f11a5955a71e5daeb480ac3618ecdfbce2ef8f27b9;10020449;10020449;R3;1;Nancy Supermarket;G1;1;M1;816-455-8733;5;S16;C
ae4e4b5f01ed23fdce56332888cdf7224ad2c53d887c59f143d0a5665306d6da;10010912;10010912;R3;1;edit.nl Shop;G2;2;M1;816-455-8733;2;S16;C
790ed9517eaab6d79fdd2e8425f742e32019685eee8c3e8d81f5a2cb86369dde;10022470;10022470;R3;1;Racal Store;G2;2;\"\";816-455-8733;2;S5;C
f13215313ad1cb22dfdde35bf071aa99f9fb7c8c2f6b52b567ae51e49e5e2d96;10027583;10027583;R2;1;zNET Shop;G2;2;\"\";816-455-8733;4;S5;C
ab3f343056d667617cdf16f7daa4ccc65b8e7a3bf20c28cfa3aa9b6dfe070c6d;10021006;"";R3;1;Overdreams Shop;G2;1;\"\";816-455-8733;5;S1;C
562328ccf40a5f6588911b7da16602af98933404249f9cac17d1e66528df264d;10018877;10018877;R3;1;KAT Store;G1;1;M1;816-455-8733;5;S17;C
05e5308592f96abb0cc4f7e366f0f81f7cae53e58bbf8c6f2015f057076fa0ea;10027572;10027572;R3;1;ZipLip.Com Shop;G2;2;\"\";816-455-8733;3;S1;C
c14a0253459dc9248eae958afb3a4300ccdfafc4debb60c927655f7daf61076b;10021911;10021911;R3;1;PING Shop;G1;2;M1;816-455-8733;2;S19;C
51fb3537b1716c683ed23d8cb885ce8da84df1f1cabd3efb8eb0fa8f046b4e1f;10021415;10021415;R3;1;Pantech Supermarket;G2;2;\"\";816-455-8733;4;S1;C
084a5ab096765a7184ac2c50e09e54b60af548e7dca06890469afb06c9d268d7;10014779;10014779;R3;1;HBO Supermarket;G2;2;\"\";816-455-8733;3;S16;C
755d9e6fc178e2b987d2a15928a485fe2bc035237ebe4028f40c28fb8aa1e56f;10025508;10025508;R3;1;Unimedya Shop;G3;1;\"\";816-455-8733;0;S5;C
cc3f9e624b7111c24880d4f535f44117e6acdc58f482330e335ed6fe1d4ed676;10021222;10021222;R3;1;Pacifico's;G2;2;\"\";816-455-8733;1;S16;C
ce110fda092dc5459e239a72e9a7821b641a087c63d1939279a0a2c786ef4d09;10025771;10025771;R3;1;VA Supermarket;G2;2;\"\";816-455-8733;3;S1;C
465f443e5bf0f3ba3e0bcc797a53b19706b93f407f0347f4779e5ee6748172df;10020915;10020915;R3;1;Ottercom Shop;G2;2;\"\";816-455-8733;4;S16;C
70d3e1f61d6e5fae89d5fa411a86347298dbf213882a5d788c86e47c7fb869f1;10008593;10008593;R2;1;Capitola Market;G2;2;\"\";816-455-8733;4;S5;C
d00e91f63df9ae0d226c7d17de2befb875095f8613bb150c4ab3f22462cc3f57;10004207;"";R3;1;Bell Store;G1;1;M1;816-455-8733;5;S19;C
128cd35a4ae3b526cd919318b442627c3e250439d5b6dfa6b88c286535e9a4d7;10025284;10025284;R3;1;Towmotor Supermarket;G2;2;\"\";816-455-8733;1;S16;C
b1883aef6201aed3ac9f144ed63b692a92a533745325b7de6e68c8d120e7dcc2;10021158;10021158;R3;1;Pacific Supermarket;G3;1;\"\";816-455-8733;0;S17;C
957c681ee97a05d5536305001602a4b3f5449e42902b5a61756a2d1cdbd2ed2c;10019879;10019879;R3;1;Litton Shop;G2;2;\"\";816-455-8733;2;S1;C
394076a6845442ef4b8562087d919f8daa2eb08e87cb84712cb01a2b91186910;10022678;10022678;R3;1;Rave Supermarket;G2;2;\"\";816-455-8733;3;S16;C
56769fec5978caaae6070161a5dc3f32c07ee753235d1ce7afbad90e4ea6e9ac;10024255;10024255;O2;1;Sigma Shop;G2;2;\"\";816-455-8733;4;S12;C
0d733389d58b6b326f68854c9bd44375ff65679e9c204cb06e074f6c422b176a;10022183;10022183;R3;1;Quantex Supermarket;G2;2;\"\";816-455-8733;1;S1;C
6ed7cc0eaf7b0efabaa43ba3fbb764d8ba10437416aabd4aeb2f9b2449b17af5;10008381;10008381;R3;1;CAPCON Shop;G2;2;\"\";816-455-8733;1;S1;C
4e3684d5ddb19dd9070c3bdc28774cff6a2e8558d8049896f6002edbbb96f7ca;10025250;10025250;R2;1;TICOR Shop;G2;2;\"\";816-455-8733;2;S5;C
e5e64f994c9a75e6b87b1d95200bf64912b516dee8b3bc5b78f914b770e1f461;10025024;"";O2;1;Talarians;G2;1;\"\";816-455-8733;5;S12;C
a2a9d1ada0d5c720892f29d373eb677b0ee4c7d6f8bef2b486df3bdcd577c5ce;10018371;10018371;R3;1;Joy Supermarket;G1;1;M1;816-455-8733;5;S19;C
c6a1c2ff5c8f770c9d781e17103e959781907f0e8c4d061fab7ac5bfad6d140e;10020192;10020192;R3;1;MATRIX Shop;G2;2;\"\";816-455-8733;1;S16;C
98ebdaaffd7b16eed8c57664d3999d264c2fd669276fe1fb7183feb1c7ffc0be;10000461;10000461;R1;1;A1 Store;G3;1;\"\";816-455-8733;0;S2;C
5a841e2a99fe15aa0c07de353a2467a93c72e54e7b37cb214b39b6ebaa97c4b6;10014059;"";R2;1;GURUs Shop;G2;1;\"\";816-455-8733;5;S5;C
15d4ac1d4a49fbf615940e349173603cfa3926f0c44e58c7c9d5cfcb8f704916;10021179;10021179;R3;1;Pacific Store;G2;2;\"\";816-455-8733;1;S4;C
cdc107e88369426ce19fd6380a50214cae8a8d77e03ccfae6acac932c1c5ff70;10025467;"";R3;1;Underwriters Supermarket;G2;1;\"\";816-455-8733;5;S1;C
0a6b80eab94b8a30a1ca27bd6eadbc6365b1d379e9c671f93ed0335a9454ab1b;10021107;"";R3;1;P.C.G. Supermarket;G2;1;\"\";816-455-8733;5;S1;C
d0f92cbcaace21d272a9575ee3ace1fef781957085d8bddeff02713770303334;10021139;10021139;R3;1;Pace Shop;G3;2;\"\";816-455-8733;4;S5;C
50e7b2c2ab122c61dbedbc25884691ffd8d275fba11465c95b8bda636b9ed908;10007577;10007577;R3;1;Cam-Built Supermarket;G2;2;\"\";816-455-8733;3;S1;C
b7d1708fc0a244c915d805049e968ffbaa6bdaa8f769b9ce96cfff755a8ad3e8;10009631;10009631;R3;1;Clearout Shop;G2;2;\"\";816-455-8733;1;S16;C
aab5f5c6d614c192f4e0b8a200bf4ce803a55dab0aabb6a1d8bfa9b1b466700d;10000474;10000474;R2;1;A-ARVIN Store;G2;2;\"\";816-455-8733;4;S9;C
5e1ca3da24ab0571b040958d6f62cd1fed3524a6503e563ff636d3ffbe3e101e;10025063;10025063;R3;1;Taroch Mexistore;G1;1;M1;816-455-8733;5;S19;C
a284da7aef62eb8ed97cb8bb4f6ed51b8306ba48b911df53aa5380a68ed67e04;10001103;"";R3;1;AC Store;G2;1;\"\";816-455-8733;5;S16;C
d22b3c9f5976180077df6d30a3f8f3bada5a2f6580008cc75dd115b0ba2faf4c;10020868;"";R3;1;One Market;G2;1;\"\";816-455-8733;5;S1;C
a5b37d75e270efe315062dff388bb2ce9ceafd7a7e5e2e8c978691c905b3b882;10018868;10018868;R3;1;Karickal Store;G1;1;M1;816-455-8733;5;S19;C
f30db359767beee6ab237f437de03604ac7021051ffc311bccedbc3111a75a31;10007120;10007120;R3;1;Brinco Store;G2;2;\"\";816-455-8733;1;S16;C
bc359a716f6e30923c6e43258df057a00f08c5e9ba70eb36b36797fad3fd31ca;10006977;"";R3;1;Brazilian Supermarket;G2;1;\"\";816-455-8733;5;S16;C
f8690947d49625faf0ce66a0da4dcb951ec3850277298c600f9e02a5414bbca9;10021804;"";R3;1;Picka Superstore;G2;1;\"\";816-455-8733;5;S1;C
3524fbd757d5f424e8cb0a487ffcfa3c834f17c64a1dec024b938f83e0857a95;10024022;10024022;R1;1;Screen Supermarket;G2;2;\"\";816-455-8733;1;S20;C
0abd02c782cce752a278e7b568aac932537382b30ee77c255753be26d3222f4c;10025791;10025791;R3;1;Valley Market;G2;2;M1;816-455-8733;1;S16;C
3108b18a2a3aa7ad858a70daf1b3a1b62c651cdcaeb56af989a75a6a3716b35a;10000601;10000601;R2;1;Radio Market;G2;2;\"\";816-455-8733;2;S5;C
617f8315a41067303d35bb0da7929f1c8880e33fa0512ed3f9c62b066d01f664;10000475;10000475;R3;1;AA-Wizard Shop;G2;2;\"\";816-455-8733;2;S16;C
44e74e63eee8560cb73379f24dea89a7102ddaf098ddb8316250a1ce76718ecb;10023757;"";R3;1;SAS Supermarket;G1;1;\"\";816-455-8733;5;S19;C
59adcccbf453ff755d12dc0f1c96f5c34a021e9912a2ff704c521b0a7b76b20e;10025237;10025237;O2;1;Team Supermarket;G3;1;\"\";816-455-8733;0;S1;C
30ea0cd9ae88a8eb963494021475337abd401a8daac38427b1d104478794f02a;10007309;10007309;R3;1;Cadtex Shop;G1;1;M1;816-455-8733;5;S19;C
24901a26416fd6446cda38ca941597c5bf6121c2c036a66d2c619cbf73282ab8;10005043;10005043;R3;1;Bezeq Shop;G1;1;M1;816-455-8733;5;S18;C
53d0df59bd1ccc9f89edf4c38b6c575ac1c2a9f835691a36975a775a14bce439;10019942;10019942;R3;1;LMAO superplace;G2;2;\"\";816-455-8733;4;S16;C
339747eedaac85bc7f9a6ee47df877dcde3049ec60586fc589d5f20b548f209f;10019880;10019880;O2;1;Litton Supermarket;G2;2;\"\";816-455-8733;3;S12;C
91f1f4ac0bf925d645798ef3721e6e7463bc8141751db11859d701a2766d94cb;10009654;10009654;R3;1;DCS Store;G2;2;\"\";816-455-8733;2;S16;C
9e7473e83cdc5192dc92d1f3eca1d5105aa86070eb09c0ed2ba472b297b3d99b;10023221;10023221;R3;1;Reveal Supermarket;G2;2;M1;816-455-8733;4;S16;C
79a2088541d6fdd05853bad329adb94a9769c3d74e14c70e3e38a7fdbecb44b0;10025289;10025289;R3;1;Tredegar Market;G2;2;\"\";816-455-8733;1;S4;C
f4ec6fb65c4d4538b6d001e73b348264c9ba0e31342ab8bd46ae882fc9a24230;10019812;"";R2;1;Lewis Supermarket;G2;1;\"\";816-455-8733;5;S5;C
37adacc4ef23e8fc651046ad3426598691c4c1faf23588a7680a0a47b34400ff;10026055;10026055;R3;1;Dellovade, Supermarket;G2;2;\"\";816-455-8733;4;S16;C
feea73c15b50113bfde28dc56d48955c1aad9d586fe155524c218ee2299674f1;10007121;10007121;R3;1;C Market;G2;2;\"\";816-455-8733;4;S16;C
9565743081ca95fbfdff98750f2cb8850ff2849043b5e94f25afe3edc42bcd5f;10018129;10018129;R3;1;J.M. Market;G1;1;M1;816-455-8733;5;S19;C
837737f347b4a25a99172c0949dc967a95ad0d7523aa737238f8dcd229f58bc2;10004516;10004516;R3;1;Besicorp Shop;G1;1;M1;816-455-8733;5;S19;C
5c20fe9e8eb5a0135a24ddc5c91505d37a2d995a37ba5f01cd6b3b6e1835bf2f;10024930;"";R3;1;T3West Shop;G3;1;\"\";816-455-8733;5;S8;C
